code postal;date;nombre d'inscrits;Code_commune_INSEE;Nom_commune
97412;2016-10-31;2530;97402;BRAS PANON
97412;2017-02-28;2480;97402;BRAS PANON
97412;2017-03-31;2490;97402;BRAS PANON
97412;2017-05-31;2460;97402;BRAS PANON
97412;2017-08-31;2530;97402;BRAS PANON
97412;2017-09-30;2510;97402;BRAS PANON
97412;2017-11-30;2470;97402;BRAS PANON
97412;2018-10-31;2460;97402;BRAS PANON
97412;2018-11-30;2460;97402;BRAS PANON
97412;2019-03-31;2450;97402;BRAS PANON
97412;2019-04-30;2430;97402;BRAS PANON
97412;2019-06-30;2410;97402;BRAS PANON
97412;2019-11-30;2330;97402;BRAS PANON
97412;2020-01-31;2370;97402;BRAS PANON
97412;2020-06-30;2350;97402;BRAS PANON
97412;2020-10-31;2380;97402;BRAS PANON
97412;2020-11-30;2370;97402;BRAS PANON
97412;2021-08-31;2420;97402;BRAS PANON
97412;2021-11-30;2370;97402;BRAS PANON
97412;2022-01-31;2370;97402;BRAS PANON
97412;2022-02-28;2360;97402;BRAS PANON
97412;2022-03-31;2380;97402;BRAS PANON
97412;2022-05-31;2380;97402;BRAS PANON
97412;2022-07-31;2380;97402;BRAS PANON
97412;2022-08-31;2400;97402;BRAS PANON
97413;2017-02-28;1710;97424;CILAOS
97413;2017-04-30;1670;97424;CILAOS
97413;2017-05-31;1680;97424;CILAOS
97413;2017-07-31;1680;97424;CILAOS
97412;2016-09-30;2550;97402;BRAS PANON
97413;2017-08-31;1670;97424;CILAOS
97412;2016-11-30;2540;97402;BRAS PANON
97413;2018-02-28;1660;97424;CILAOS
97412;2016-12-31;2490;97402;BRAS PANON
97413;2018-04-30;1670;97424;CILAOS
97412;2017-04-30;2450;97402;BRAS PANON
97413;2018-06-30;1660;97424;CILAOS
97412;2017-06-30;2450;97402;BRAS PANON
97413;2018-07-31;1680;97424;CILAOS
97412;2017-07-31;2490;97402;BRAS PANON
97413;2018-08-31;1680;97424;CILAOS
97412;2017-10-31;2510;97402;BRAS PANON
97413;2018-09-30;1650;97424;CILAOS
97412;2018-02-28;2540;97402;BRAS PANON
97413;2018-11-30;1650;97424;CILAOS
97412;2018-04-30;2510;97402;BRAS PANON
97413;2018-12-31;1660;97424;CILAOS
97412;2018-06-30;2420;97402;BRAS PANON
97413;2019-01-31;1660;97424;CILAOS
97412;2018-07-31;2440;97402;BRAS PANON
97413;2019-07-31;1640;97424;CILAOS
97412;2018-08-31;2480;97402;BRAS PANON
97413;2019-12-31;1590;97424;CILAOS
97412;2019-01-31;2470;97402;BRAS PANON
97413;2020-05-31;1580;97424;CILAOS
97412;2019-02-28;2480;97402;BRAS PANON
97413;2020-07-31;1580;97424;CILAOS
97412;2019-07-31;2380;97402;BRAS PANON
97413;2020-11-30;1600;97424;CILAOS
97412;2019-08-31;2390;97402;BRAS PANON
97413;2021-01-31;1610;97424;CILAOS
97412;2019-09-30;2390;97402;BRAS PANON
97413;2021-04-30;1620;97424;CILAOS
97412;2020-02-29;2370;97402;BRAS PANON
97413;2021-06-30;1620;97424;CILAOS
97412;2020-04-30;2370;97402;BRAS PANON
97413;2021-07-31;1630;97424;CILAOS
97412;2020-05-31;2350;97402;BRAS PANON
97413;2021-08-31;1650;97424;CILAOS
97412;2020-07-31;2380;97402;BRAS PANON
97413;2022-08-31;1570;97424;CILAOS
97412;2020-12-31;2390;97402;BRAS PANON
97413;2022-10-31;1550;97424;CILAOS
97412;2021-05-31;2420;97402;BRAS PANON
97414;2016-08-31;1460;97403;ENTRE DEUX
97412;2021-06-30;2410;97402;BRAS PANON
97414;2016-12-31;1470;97403;ENTRE DEUX
97412;2021-07-31;2400;97402;BRAS PANON
97414;2017-05-31;1500;97403;ENTRE DEUX
97412;2022-06-30;2350;97402;BRAS PANON
97414;2017-07-31;1470;97403;ENTRE DEUX
97412;2022-09-30;2380;97402;BRAS PANON
97414;2017-11-30;1480;97403;ENTRE DEUX
97412;2022-12-31;2390;97402;BRAS PANON
97414;2018-03-31;1490;97403;ENTRE DEUX
97413;2016-10-31;1690;97424;CILAOS
97414;2018-04-30;1480;97403;ENTRE DEUX
97413;2016-12-31;1680;97424;CILAOS
97414;2018-05-31;1480;97403;ENTRE DEUX
97413;2017-03-31;1700;97424;CILAOS
97414;2018-06-30;1450;97403;ENTRE DEUX
97413;2017-06-30;1670;97424;CILAOS
97414;2018-09-30;1490;97403;ENTRE DEUX
97413;2017-10-31;1670;97424;CILAOS
97414;2018-11-30;1480;97403;ENTRE DEUX
97413;2017-11-30;1670;97424;CILAOS
97414;2019-02-28;1480;97403;ENTRE DEUX
97413;2018-05-31;1690;97424;CILAOS
97414;2019-07-31;1440;97403;ENTRE DEUX
97413;2019-02-28;1670;97424;CILAOS
97414;2019-09-30;1450;97403;ENTRE DEUX
97413;2019-03-31;1670;97424;CILAOS
97414;2020-01-31;1460;97403;ENTRE DEUX
97413;2019-04-30;1650;97424;CILAOS
97414;2020-04-30;1430;97403;ENTRE DEUX
97413;2019-05-31;1620;97424;CILAOS
97414;2020-11-30;1430;97403;ENTRE DEUX
97413;2019-06-30;1620;97424;CILAOS
97414;2020-12-31;1430;97403;ENTRE DEUX
97413;2019-08-31;1640;97424;CILAOS
97414;2021-01-31;1430;97403;ENTRE DEUX
97413;2019-11-30;1590;97424;CILAOS
97414;2021-05-31;1430;97403;ENTRE DEUX
97413;2020-01-31;1600;97424;CILAOS
97414;2021-06-30;1410;97403;ENTRE DEUX
97413;2020-03-31;1580;97424;CILAOS
97414;2021-11-30;1420;97403;ENTRE DEUX
97413;2020-04-30;1590;97424;CILAOS
97414;2022-01-31;1400;97403;ENTRE DEUX
97413;2020-06-30;1570;97424;CILAOS
97414;2022-03-31;1390;97403;ENTRE DEUX
97413;2020-08-31;1600;97424;CILAOS
97414;2022-05-31;1370;97403;ENTRE DEUX
97413;2020-10-31;1600;97424;CILAOS
97414;2022-07-31;1360;97403;ENTRE DEUX
97413;2020-12-31;1610;97424;CILAOS
97414;2022-08-31;1390;97403;ENTRE DEUX
97413;2021-02-28;1610;97424;CILAOS
97414;2022-10-31;1400;97403;ENTRE DEUX
97413;2021-05-31;1620;97424;CILAOS
97431;2016-12-31;1230;97406;LA PLAINE DES PALMISTES
97413;2021-09-30;1650;97424;CILAOS
97431;2017-03-31;1250;97406;LA PLAINE DES PALMISTES
97413;2021-10-31;1630;97424;CILAOS
97431;2017-08-31;1220;97406;LA PLAINE DES PALMISTES
97413;2022-09-30;1560;97424;CILAOS
97431;2017-09-30;1210;97406;LA PLAINE DES PALMISTES
97413;2022-11-30;1520;97424;CILAOS
97431;2017-10-31;1220;97406;LA PLAINE DES PALMISTES
97413;2022-12-31;1530;97424;CILAOS
97431;2018-01-31;1210;97406;LA PLAINE DES PALMISTES
97414;2016-07-31;1440;97403;ENTRE DEUX
97431;2018-04-30;1200;97406;LA PLAINE DES PALMISTES
97412;2016-07-31;2510;97402;BRAS PANON
97414;2016-09-30;1450;97403;ENTRE DEUX
97431;2018-05-31;1190;97406;LA PLAINE DES PALMISTES
97412;2016-08-31;2590;97402;BRAS PANON
97414;2016-10-31;1450;97403;ENTRE DEUX
97431;2018-10-31;1200;97406;LA PLAINE DES PALMISTES
97412;2017-01-31;2500;97402;BRAS PANON
97414;2017-01-31;1500;97403;ENTRE DEUX
97431;2019-01-31;1220;97406;LA PLAINE DES PALMISTES
97412;2017-12-31;2450;97402;BRAS PANON
97414;2017-03-31;1490;97403;ENTRE DEUX
97431;2019-03-31;1190;97406;LA PLAINE DES PALMISTES
97412;2018-01-31;2520;97402;BRAS PANON
97414;2017-04-30;1510;97403;ENTRE DEUX
97431;2019-04-30;1190;97406;LA PLAINE DES PALMISTES
97412;2018-03-31;2520;97402;BRAS PANON
97414;2017-06-30;1470;97403;ENTRE DEUX
97431;2019-05-31;1180;97406;LA PLAINE DES PALMISTES
97412;2018-05-31;2480;97402;BRAS PANON
97414;2017-09-30;1470;97403;ENTRE DEUX
97431;2019-06-30;1190;97406;LA PLAINE DES PALMISTES
97412;2018-09-30;2460;97402;BRAS PANON
97414;2018-02-28;1510;97403;ENTRE DEUX
97431;2020-10-31;1210;97406;LA PLAINE DES PALMISTES
97412;2018-12-31;2430;97402;BRAS PANON
97414;2018-07-31;1480;97403;ENTRE DEUX
97431;2021-02-28;1240;97406;LA PLAINE DES PALMISTES
97412;2019-05-31;2410;97402;BRAS PANON
97414;2018-08-31;1490;97403;ENTRE DEUX
97431;2021-07-31;1200;97406;LA PLAINE DES PALMISTES
97412;2019-10-31;2380;97402;BRAS PANON
97414;2018-10-31;1490;97403;ENTRE DEUX
97431;2021-10-31;1210;97406;LA PLAINE DES PALMISTES
97412;2019-12-31;2310;97402;BRAS PANON
97414;2019-03-31;1460;97403;ENTRE DEUX
97431;2021-12-31;1180;97406;LA PLAINE DES PALMISTES
97412;2020-03-31;2360;97402;BRAS PANON
97414;2019-06-30;1430;97403;ENTRE DEUX
97431;2022-04-30;1240;97406;LA PLAINE DES PALMISTES
97412;2020-08-31;2370;97402;BRAS PANON
97414;2019-11-30;1430;97403;ENTRE DEUX
97431;2022-05-31;1250;97406;LA PLAINE DES PALMISTES
97412;2020-09-30;2390;97402;BRAS PANON
97414;2019-12-31;1420;97403;ENTRE DEUX
97431;2022-09-30;1280;97406;LA PLAINE DES PALMISTES
97412;2021-01-31;2440;97402;BRAS PANON
97414;2020-03-31;1440;97403;ENTRE DEUX
97431;2022-10-31;1290;97406;LA PLAINE DES PALMISTES
97412;2021-02-28;2460;97402;BRAS PANON
97414;2020-05-31;1430;97403;ENTRE DEUX
97431;2022-11-30;1310;97406;LA PLAINE DES PALMISTES
97412;2021-03-31;2450;97402;BRAS PANON
97414;2020-06-30;1410;97403;ENTRE DEUX
97419;2016-11-30;5720;97408;LA POSSESSION
97412;2021-04-30;2420;97402;BRAS PANON
97414;2020-07-31;1400;97403;ENTRE DEUX
97419;2017-02-28;5820;97408;LA POSSESSION
97412;2021-09-30;2420;97402;BRAS PANON
97414;2020-08-31;1420;97403;ENTRE DEUX
97419;2017-08-31;5960;97408;LA POSSESSION
97412;2021-10-31;2390;97402;BRAS PANON
97414;2021-04-30;1430;97403;ENTRE DEUX
97419;2017-10-31;6030;97408;LA POSSESSION
97412;2021-12-31;2380;97402;BRAS PANON
97414;2021-09-30;1440;97403;ENTRE DEUX
97419;2018-06-30;6050;97408;LA POSSESSION
97412;2022-04-30;2370;97402;BRAS PANON
97414;2021-10-31;1430;97403;ENTRE DEUX
97419;2018-07-31;6140;97408;LA POSSESSION
97412;2022-10-31;2370;97402;BRAS PANON
97414;2021-12-31;1400;97403;ENTRE DEUX
97419;2018-10-31;6250;97408;LA POSSESSION
97412;2022-11-30;2420;97402;BRAS PANON
97414;2022-04-30;1380;97403;ENTRE DEUX
97419;2018-11-30;6130;97408;LA POSSESSION
97413;2016-07-31;1710;97424;CILAOS
97414;2022-11-30;1400;97403;ENTRE DEUX
97419;2019-04-30;6370;97408;LA POSSESSION
97413;2016-08-31;1710;97424;CILAOS
97431;2016-08-31;1210;97406;LA PLAINE DES PALMISTES
97419;2019-06-30;6360;97408;LA POSSESSION
97413;2016-09-30;1720;97424;CILAOS
97431;2016-09-30;1240;97406;LA PLAINE DES PALMISTES
97419;2019-09-30;6530;97408;LA POSSESSION
97413;2016-11-30;1670;97424;CILAOS
97431;2016-10-31;1240;97406;LA PLAINE DES PALMISTES
97419;2019-12-31;6300;97408;LA POSSESSION
97413;2017-01-31;1700;97424;CILAOS
97431;2016-11-30;1240;97406;LA PLAINE DES PALMISTES
97419;2020-03-31;6320;97408;LA POSSESSION
97413;2017-09-30;1670;97424;CILAOS
97431;2017-02-28;1230;97406;LA PLAINE DES PALMISTES
97419;2020-04-30;6370;97408;LA POSSESSION
97413;2017-12-31;1670;97424;CILAOS
97431;2017-06-30;1190;97406;LA PLAINE DES PALMISTES
97419;2020-08-31;6470;97408;LA POSSESSION
97413;2018-01-31;1670;97424;CILAOS
97431;2017-07-31;1180;97406;LA PLAINE DES PALMISTES
97419;2020-09-30;6530;97408;LA POSSESSION
97413;2018-03-31;1670;97424;CILAOS
97431;2017-11-30;1200;97406;LA PLAINE DES PALMISTES
97419;2020-10-31;6440;97408;LA POSSESSION
97413;2018-10-31;1650;97424;CILAOS
97431;2018-07-31;1210;97406;LA PLAINE DES PALMISTES
97419;2020-12-31;6400;97408;LA POSSESSION
97413;2019-09-30;1640;97424;CILAOS
97431;2018-11-30;1200;97406;LA PLAINE DES PALMISTES
97419;2021-03-31;6430;97408;LA POSSESSION
97413;2019-10-31;1630;97424;CILAOS
97431;2018-12-31;1170;97406;LA PLAINE DES PALMISTES
97419;2021-06-30;6350;97408;LA POSSESSION
97413;2020-02-29;1590;97424;CILAOS
97431;2019-02-28;1210;97406;LA PLAINE DES PALMISTES
97419;2021-08-31;6530;97408;LA POSSESSION
97413;2020-09-30;1600;97424;CILAOS
97431;2019-10-31;1200;97406;LA PLAINE DES PALMISTES
97419;2021-11-30;6520;97408;LA POSSESSION
97413;2021-03-31;1610;97424;CILAOS
97431;2020-01-31;1200;97406;LA PLAINE DES PALMISTES
97419;2022-08-31;6470;97408;LA POSSESSION
97413;2021-11-30;1620;97424;CILAOS
97431;2020-02-29;1180;97406;LA PLAINE DES PALMISTES
97419;2022-09-30;6490;97408;LA POSSESSION
97413;2021-12-31;1590;97424;CILAOS
97431;2020-04-30;1190;97406;LA PLAINE DES PALMISTES
97420;2016-07-31;8340;97407;LE PORT
97413;2022-01-31;1600;97424;CILAOS
97431;2020-05-31;1190;97406;LA PLAINE DES PALMISTES
97420;2016-08-31;8560;97407;LE PORT
97413;2022-02-28;1600;97424;CILAOS
97431;2020-07-31;1210;97406;LA PLAINE DES PALMISTES
97420;2016-11-30;8670;97407;LE PORT
97413;2022-03-31;1620;97424;CILAOS
97431;2020-08-31;1240;97406;LA PLAINE DES PALMISTES
97420;2016-12-31;8510;97407;LE PORT
97413;2022-04-30;1560;97424;CILAOS
97431;2020-11-30;1210;97406;LA PLAINE DES PALMISTES
97420;2017-02-28;8530;97407;LE PORT
97413;2022-05-31;1590;97424;CILAOS
97431;2021-01-31;1240;97406;LA PLAINE DES PALMISTES
97420;2017-04-30;8520;97407;LE PORT
97413;2022-06-30;1560;97424;CILAOS
97431;2021-03-31;1260;97406;LA PLAINE DES PALMISTES
97420;2017-09-30;8690;97407;LE PORT
97413;2022-07-31;1560;97424;CILAOS
97431;2021-08-31;1210;97406;LA PLAINE DES PALMISTES
97420;2017-10-31;8660;97407;LE PORT
97414;2016-11-30;1480;97403;ENTRE DEUX
97431;2022-02-28;1220;97406;LA PLAINE DES PALMISTES
97420;2017-11-30;8600;97407;LE PORT
97414;2017-02-28;1490;97403;ENTRE DEUX
97431;2022-08-31;1270;97406;LA PLAINE DES PALMISTES
97420;2018-01-31;8570;97407;LE PORT
97414;2017-08-31;1480;97403;ENTRE DEUX
97431;2022-12-31;1300;97406;LA PLAINE DES PALMISTES
97420;2018-05-31;8600;97407;LE PORT
97414;2017-10-31;1470;97403;ENTRE DEUX
97419;2016-08-31;5760;97408;LA POSSESSION
97420;2018-08-31;8740;97407;LE PORT
97414;2017-12-31;1470;97403;ENTRE DEUX
97419;2016-09-30;5780;97408;LA POSSESSION
97420;2018-09-30;8680;97407;LE PORT
97414;2018-01-31;1490;97403;ENTRE DEUX
97419;2016-12-31;5660;97408;LA POSSESSION
97420;2018-12-31;8440;97407;LE PORT
97414;2018-12-31;1460;97403;ENTRE DEUX
97419;2017-01-31;5820;97408;LA POSSESSION
97420;2019-01-31;8560;97407;LE PORT
97414;2019-01-31;1480;97403;ENTRE DEUX
97419;2017-04-30;5710;97408;LA POSSESSION
97420;2019-06-30;8460;97407;LE PORT
97414;2019-04-30;1430;97403;ENTRE DEUX
97419;2017-06-30;5730;97408;LA POSSESSION
97420;2019-08-31;8520;97407;LE PORT
97414;2019-05-31;1430;97403;ENTRE DEUX
97419;2017-12-31;5930;97408;LA POSSESSION
97420;2019-09-30;8590;97407;LE PORT
97414;2019-08-31;1460;97403;ENTRE DEUX
97419;2018-04-30;6050;97408;LA POSSESSION
97420;2019-10-31;8490;97407;LE PORT
97414;2019-10-31;1460;97403;ENTRE DEUX
97419;2018-09-30;6220;97408;LA POSSESSION
97420;2020-04-30;8180;97407;LE PORT
97414;2020-02-29;1440;97403;ENTRE DEUX
97419;2018-12-31;6170;97408;LA POSSESSION
97420;2020-12-31;8220;97407;LE PORT
97414;2020-09-30;1430;97403;ENTRE DEUX
97419;2019-01-31;6270;97408;LA POSSESSION
97420;2021-03-31;8240;97407;LE PORT
97414;2020-10-31;1420;97403;ENTRE DEUX
97419;2019-02-28;6280;97408;LA POSSESSION
97420;2021-04-30;8130;97407;LE PORT
97414;2021-02-28;1440;97403;ENTRE DEUX
97419;2019-03-31;6300;97408;LA POSSESSION
97420;2021-07-31;8140;97407;LE PORT
97414;2021-03-31;1430;97403;ENTRE DEUX
97419;2019-05-31;6350;97408;LA POSSESSION
97420;2021-10-31;8180;97407;LE PORT
97414;2021-07-31;1460;97403;ENTRE DEUX
97419;2019-11-30;6380;97408;LA POSSESSION
97420;2021-12-31;8050;97407;LE PORT
97414;2021-08-31;1450;97403;ENTRE DEUX
97419;2020-01-31;6320;97408;LA POSSESSION
97430;2017-10-31;18130;97422;LE TAMPON
97414;2022-02-28;1380;97403;ENTRE DEUX
97419;2020-02-29;6300;97408;LA POSSESSION
97430;2017-11-30;18070;97422;LE TAMPON
97414;2022-06-30;1360;97403;ENTRE DEUX
97419;2020-07-31;6440;97408;LA POSSESSION
97430;2018-03-31;18070;97422;LE TAMPON
97414;2022-09-30;1390;97403;ENTRE DEUX
97419;2020-11-30;6400;97408;LA POSSESSION
97430;2018-07-31;17830;97422;LE TAMPON
97414;2022-12-31;1400;97403;ENTRE DEUX
97419;2021-07-31;6440;97408;LA POSSESSION
97430;2018-09-30;17880;97422;LE TAMPON
97431;2016-07-31;1180;97406;LA PLAINE DES PALMISTES
97419;2021-09-30;6540;97408;LA POSSESSION
97430;2019-03-31;17810;97422;LE TAMPON
97431;2017-01-31;1240;97406;LA PLAINE DES PALMISTES
97419;2021-12-31;6500;97408;LA POSSESSION
97430;2019-05-31;17590;97422;LE TAMPON
97431;2017-04-30;1220;97406;LA PLAINE DES PALMISTES
97419;2022-01-31;6480;97408;LA POSSESSION
97430;2019-12-31;17340;97422;LE TAMPON
97431;2017-05-31;1210;97406;LA PLAINE DES PALMISTES
97419;2022-03-31;6500;97408;LA POSSESSION
97430;2020-03-31;17360;97422;LE TAMPON
97431;2017-12-31;1190;97406;LA PLAINE DES PALMISTES
97419;2022-04-30;6390;97408;LA POSSESSION
97430;2020-05-31;17390;97422;LE TAMPON
97431;2018-02-28;1220;97406;LA PLAINE DES PALMISTES
97419;2022-10-31;6450;97408;LA POSSESSION
97430;2020-11-30;17430;97422;LE TAMPON
97431;2018-03-31;1230;97406;LA PLAINE DES PALMISTES
97419;2022-12-31;6350;97408;LA POSSESSION
97430;2021-02-28;17620;97422;LE TAMPON
97431;2018-06-30;1200;97406;LA PLAINE DES PALMISTES
97420;2016-09-30;8550;97407;LE PORT
97430;2021-08-31;17510;97422;LE TAMPON
97431;2018-08-31;1240;97406;LA PLAINE DES PALMISTES
97420;2017-01-31;8640;97407;LE PORT
97430;2021-11-30;17340;97422;LE TAMPON
97431;2018-09-30;1230;97406;LA PLAINE DES PALMISTES
97420;2017-07-31;8500;97407;LE PORT
97430;2021-12-31;17180;97422;LE TAMPON
97431;2019-07-31;1220;97406;LA PLAINE DES PALMISTES
97420;2017-08-31;8690;97407;LE PORT
97430;2022-05-31;16950;97422;LE TAMPON
97431;2019-08-31;1230;97406;LA PLAINE DES PALMISTES
97420;2017-12-31;8410;97407;LE PORT
97425;2016-07-31;2040;97401;LES AVIRONS
97431;2019-09-30;1210;97406;LA PLAINE DES PALMISTES
97420;2018-02-28;8660;97407;LE PORT
97425;2016-10-31;2100;97401;LES AVIRONS
97431;2019-11-30;1170;97406;LA PLAINE DES PALMISTES
97420;2018-06-30;8580;97407;LE PORT
97425;2017-04-30;2100;97401;LES AVIRONS
97431;2019-12-31;1170;97406;LA PLAINE DES PALMISTES
97420;2018-07-31;8650;97407;LE PORT
97425;2017-05-31;2110;97401;LES AVIRONS
97431;2020-03-31;1180;97406;LA PLAINE DES PALMISTES
97420;2019-02-28;8570;97407;LE PORT
97425;2018-02-28;2120;97401;LES AVIRONS
97431;2020-06-30;1200;97406;LA PLAINE DES PALMISTES
97420;2019-03-31;8580;97407;LE PORT
97425;2018-03-31;2130;97401;LES AVIRONS
97431;2020-09-30;1240;97406;LA PLAINE DES PALMISTES
97420;2019-04-30;8510;97407;LE PORT
97425;2018-07-31;2140;97401;LES AVIRONS
97431;2020-12-31;1230;97406;LA PLAINE DES PALMISTES
97420;2019-05-31;8380;97407;LE PORT
97425;2018-12-31;2170;97401;LES AVIRONS
97431;2021-04-30;1220;97406;LA PLAINE DES PALMISTES
97420;2020-01-31;8170;97407;LE PORT
97425;2019-02-28;2220;97401;LES AVIRONS
97431;2021-05-31;1210;97406;LA PLAINE DES PALMISTES
97420;2020-05-31;8170;97407;LE PORT
97425;2019-04-30;2210;97401;LES AVIRONS
97431;2021-06-30;1210;97406;LA PLAINE DES PALMISTES
97420;2020-06-30;8260;97407;LE PORT
97425;2019-05-31;2220;97401;LES AVIRONS
97431;2021-09-30;1230;97406;LA PLAINE DES PALMISTES
97420;2020-07-31;8250;97407;LE PORT
97425;2019-08-31;2230;97401;LES AVIRONS
97431;2021-11-30;1220;97406;LA PLAINE DES PALMISTES
97420;2020-08-31;8370;97407;LE PORT
97425;2019-12-31;2150;97401;LES AVIRONS
97431;2022-01-31;1190;97406;LA PLAINE DES PALMISTES
97420;2020-09-30;8430;97407;LE PORT
97425;2020-03-31;2160;97401;LES AVIRONS
97431;2022-03-31;1250;97406;LA PLAINE DES PALMISTES
97420;2021-01-31;8210;97407;LE PORT
97425;2020-04-30;2180;97401;LES AVIRONS
97431;2022-06-30;1230;97406;LA PLAINE DES PALMISTES
97420;2021-05-31;8130;97407;LE PORT
97425;2020-05-31;2200;97401;LES AVIRONS
97431;2022-07-31;1250;97406;LA PLAINE DES PALMISTES
97420;2021-08-31;8260;97407;LE PORT
97425;2020-06-30;2220;97401;LES AVIRONS
97419;2016-07-31;5690;97408;LA POSSESSION
97420;2021-09-30;8260;97407;LE PORT
97425;2020-11-30;2200;97401;LES AVIRONS
97419;2016-10-31;5770;97408;LA POSSESSION
97420;2021-11-30;8140;97407;LE PORT
97425;2021-01-31;2230;97401;LES AVIRONS
97419;2017-03-31;5730;97408;LA POSSESSION
97420;2022-02-28;8040;97407;LE PORT
97425;2021-03-31;2210;97401;LES AVIRONS
97419;2017-05-31;5740;97408;LA POSSESSION
97420;2022-03-31;8100;97407;LE PORT
97425;2021-05-31;2220;97401;LES AVIRONS
97419;2017-07-31;5770;97408;LA POSSESSION
97420;2022-04-30;7950;97407;LE PORT
97425;2021-06-30;2230;97401;LES AVIRONS
97419;2017-09-30;5940;97408;LA POSSESSION
97420;2022-05-31;7870;97407;LE PORT
97425;2021-09-30;2220;97401;LES AVIRONS
97419;2017-11-30;6010;97408;LA POSSESSION
97420;2022-06-30;7880;97407;LE PORT
97425;2022-01-31;2210;97401;LES AVIRONS
97419;2018-01-31;6040;97408;LA POSSESSION
97420;2022-11-30;7890;97407;LE PORT
97425;2022-02-28;2200;97401;LES AVIRONS
97419;2018-02-28;6060;97408;LA POSSESSION
97430;2016-07-31;17230;97422;LE TAMPON
97425;2022-03-31;2180;97401;LES AVIRONS
97419;2018-03-31;6040;97408;LA POSSESSION
97430;2016-09-30;17780;97422;LE TAMPON
97425;2022-04-30;2170;97401;LES AVIRONS
97419;2018-05-31;6080;97408;LA POSSESSION
97430;2016-12-31;17900;97422;LE TAMPON
97426;2016-08-31;1790;97423;LES TROIS BASSINS
97419;2018-08-31;6210;97408;LA POSSESSION
97430;2017-01-31;18160;97422;LE TAMPON
97426;2016-09-30;1800;97423;LES TROIS BASSINS
97419;2019-07-31;6450;97408;LA POSSESSION
97430;2017-02-28;18070;97422;LE TAMPON
97426;2016-10-31;1820;97423;LES TROIS BASSINS
97419;2019-08-31;6520;97408;LA POSSESSION
97430;2017-06-30;18040;97422;LE TAMPON
97426;2017-04-30;1790;97423;LES TROIS BASSINS
97419;2019-10-31;6530;97408;LA POSSESSION
97430;2017-08-31;18280;97422;LE TAMPON
97426;2017-10-31;1810;97423;LES TROIS BASSINS
97419;2020-05-31;6370;97408;LA POSSESSION
97430;2017-09-30;18170;97422;LE TAMPON
97426;2017-11-30;1790;97423;LES TROIS BASSINS
97419;2020-06-30;6400;97408;LA POSSESSION
97430;2017-12-31;17910;97422;LE TAMPON
97426;2018-03-31;1780;97423;LES TROIS BASSINS
97419;2021-01-31;6440;97408;LA POSSESSION
97430;2018-02-28;18100;97422;LE TAMPON
97426;2018-08-31;1790;97423;LES TROIS BASSINS
97419;2021-02-28;6400;97408;LA POSSESSION
97430;2018-04-30;17950;97422;LE TAMPON
97426;2018-10-31;1780;97423;LES TROIS BASSINS
97419;2021-04-30;6330;97408;LA POSSESSION
97430;2018-08-31;17930;97422;LE TAMPON
97426;2018-11-30;1770;97423;LES TROIS BASSINS
97419;2021-05-31;6350;97408;LA POSSESSION
97430;2018-11-30;17730;97422;LE TAMPON
97426;2018-12-31;1760;97423;LES TROIS BASSINS
97419;2021-10-31;6500;97408;LA POSSESSION
97430;2019-06-30;17620;97422;LE TAMPON
97426;2019-01-31;1790;97423;LES TROIS BASSINS
97419;2022-02-28;6470;97408;LA POSSESSION
97430;2019-08-31;17830;97422;LE TAMPON
97426;2019-03-31;1820;97423;LES TROIS BASSINS
97419;2022-05-31;6380;97408;LA POSSESSION
97430;2019-10-31;17710;97422;LE TAMPON
97426;2019-08-31;1810;97423;LES TROIS BASSINS
97419;2022-06-30;6400;97408;LA POSSESSION
97430;2019-11-30;17450;97422;LE TAMPON
97426;2019-12-31;1710;97423;LES TROIS BASSINS
97419;2022-07-31;6360;97408;LA POSSESSION
97430;2020-01-31;17540;97422;LE TAMPON
97426;2020-10-31;1740;97423;LES TROIS BASSINS
97419;2022-11-30;6390;97408;LA POSSESSION
97430;2020-04-30;17420;97422;LE TAMPON
97426;2021-01-31;1770;97423;LES TROIS BASSINS
97420;2016-10-31;8630;97407;LE PORT
97430;2020-10-31;17400;97422;LE TAMPON
97426;2021-02-28;1750;97423;LES TROIS BASSINS
97420;2017-03-31;8560;97407;LE PORT
97430;2020-12-31;17370;97422;LE TAMPON
97426;2021-05-31;1760;97423;LES TROIS BASSINS
97420;2017-05-31;8550;97407;LE PORT
97430;2021-01-31;17580;97422;LE TAMPON
97426;2021-08-31;1740;97423;LES TROIS BASSINS
97420;2017-06-30;8510;97407;LE PORT
97430;2021-03-31;17610;97422;LE TAMPON
97426;2021-09-30;1740;97423;LES TROIS BASSINS
97420;2018-03-31;8660;97407;LE PORT
97430;2021-05-31;17430;97422;LE TAMPON
97426;2022-02-28;1730;97423;LES TROIS BASSINS
97420;2018-04-30;8540;97407;LE PORT
97430;2021-06-30;17400;97422;LE TAMPON
97426;2022-04-30;1720;97423;LES TROIS BASSINS
97420;2018-10-31;8670;97407;LE PORT
97430;2021-07-31;17350;97422;LE TAMPON
97426;2022-06-30;1720;97423;LES TROIS BASSINS
97420;2018-11-30;8540;97407;LE PORT
97430;2022-01-31;17250;97422;LE TAMPON
97426;2022-09-30;1750;97423;LES TROIS BASSINS
97420;2019-07-31;8460;97407;LE PORT
97430;2022-06-30;16920;97422;LE TAMPON
97426;2022-10-31;1750;97423;LES TROIS BASSINS
97420;2019-11-30;8300;97407;LE PORT
97430;2022-10-31;16970;97422;LE TAMPON
97426;2022-11-30;1740;97423;LES TROIS BASSINS
97420;2019-12-31;8190;97407;LE PORT
97430;2022-12-31;16800;97422;LE TAMPON
97427;2016-08-31;2990;97404;L ETANG SALE
97420;2020-02-29;8150;97407;LE PORT
97425;2017-01-31;2130;97401;LES AVIRONS
97427;2017-01-31;3060;97404;L ETANG SALE
97420;2020-03-31;8140;97407;LE PORT
97425;2017-03-31;2110;97401;LES AVIRONS
97427;2017-03-31;2960;97404;L ETANG SALE
97420;2020-10-31;8300;97407;LE PORT
97425;2017-06-30;2110;97401;LES AVIRONS
97427;2017-04-30;2930;97404;L ETANG SALE
97420;2020-11-30;8290;97407;LE PORT
97425;2017-09-30;2090;97401;LES AVIRONS
97427;2017-05-31;2940;97404;L ETANG SALE
97420;2021-02-28;8170;97407;LE PORT
97425;2017-10-31;2100;97401;LES AVIRONS
97427;2017-08-31;2960;97404;L ETANG SALE
97420;2021-06-30;8160;97407;LE PORT
97425;2017-11-30;2110;97401;LES AVIRONS
97427;2017-09-30;2970;97404;L ETANG SALE
97420;2022-01-31;8050;97407;LE PORT
97425;2017-12-31;2090;97401;LES AVIRONS
97427;2017-10-31;3000;97404;L ETANG SALE
97420;2022-07-31;7870;97407;LE PORT
97425;2018-01-31;2130;97401;LES AVIRONS
97427;2017-11-30;2960;97404;L ETANG SALE
97420;2022-08-31;8070;97407;LE PORT
97425;2018-06-30;2090;97401;LES AVIRONS
97427;2017-12-31;2930;97404;L ETANG SALE
97420;2022-09-30;8060;97407;LE PORT
97425;2018-09-30;2170;97401;LES AVIRONS
97427;2018-02-28;2980;97404;L ETANG SALE
97420;2022-10-31;7950;97407;LE PORT
97425;2019-03-31;2210;97401;LES AVIRONS
97427;2018-07-31;2950;97404;L ETANG SALE
97420;2022-12-31;7820;97407;LE PORT
97425;2019-09-30;2240;97401;LES AVIRONS
97427;2018-09-30;2970;97404;L ETANG SALE
97430;2016-08-31;17850;97422;LE TAMPON
97425;2019-11-30;2190;97401;LES AVIRONS
97427;2019-05-31;2980;97404;L ETANG SALE
97430;2016-10-31;17980;97422;LE TAMPON
97425;2020-01-31;2190;97401;LES AVIRONS
97427;2019-09-30;3060;97404;L ETANG SALE
97430;2016-11-30;17950;97422;LE TAMPON
97425;2020-02-29;2160;97401;LES AVIRONS
97427;2020-03-31;3010;97404;L ETANG SALE
97430;2017-03-31;18050;97422;LE TAMPON
97425;2020-08-31;2210;97401;LES AVIRONS
97427;2020-12-31;3020;97404;L ETANG SALE
97430;2017-04-30;18020;97422;LE TAMPON
97425;2020-09-30;2230;97401;LES AVIRONS
97427;2021-02-28;3020;97404;L ETANG SALE
97430;2017-05-31;18110;97422;LE TAMPON
97425;2020-10-31;2210;97401;LES AVIRONS
97427;2021-05-31;3020;97404;L ETANG SALE
97430;2017-07-31;17990;97422;LE TAMPON
97425;2020-12-31;2200;97401;LES AVIRONS
97427;2021-06-30;3000;97404;L ETANG SALE
97430;2018-01-31;18210;97422;LE TAMPON
97425;2021-07-31;2240;97401;LES AVIRONS
97427;2021-07-31;2980;97404;L ETANG SALE
97430;2018-05-31;17930;97422;LE TAMPON
97425;2021-08-31;2220;97401;LES AVIRONS
97427;2021-10-31;3050;97404;L ETANG SALE
97430;2018-06-30;17870;97422;LE TAMPON
97425;2021-10-31;2210;97401;LES AVIRONS
97427;2022-06-30;3000;97404;L ETANG SALE
97430;2018-10-31;17980;97422;LE TAMPON
97425;2022-06-30;2130;97401;LES AVIRONS
97427;2022-07-31;2990;97404;L ETANG SALE
97430;2018-12-31;17740;97422;LE TAMPON
97425;2022-08-31;2180;97401;LES AVIRONS
97427;2022-12-31;2920;97404;L ETANG SALE
97430;2019-01-31;17950;97422;LE TAMPON
97425;2022-12-31;2140;97401;LES AVIRONS
97429;2016-08-31;2580;97405;PETITE ILE
97430;2019-02-28;17910;97422;LE TAMPON
97426;2016-12-31;1790;97423;LES TROIS BASSINS
97429;2016-10-31;2560;97405;PETITE ILE
97430;2019-04-30;17710;97422;LE TAMPON
97426;2017-01-31;1800;97423;LES TROIS BASSINS
97429;2016-11-30;2560;97405;PETITE ILE
97430;2019-07-31;17740;97422;LE TAMPON
97426;2017-02-28;1810;97423;LES TROIS BASSINS
97429;2016-12-31;2580;97405;PETITE ILE
97430;2019-09-30;17790;97422;LE TAMPON
97426;2017-06-30;1760;97423;LES TROIS BASSINS
97429;2017-01-31;2590;97405;PETITE ILE
97430;2020-02-29;17300;97422;LE TAMPON
97426;2017-12-31;1770;97423;LES TROIS BASSINS
97429;2017-09-30;2610;97405;PETITE ILE
97430;2020-06-30;17320;97422;LE TAMPON
97426;2018-01-31;1810;97423;LES TROIS BASSINS
97429;2018-04-30;2560;97405;PETITE ILE
97430;2020-07-31;17390;97422;LE TAMPON
97426;2018-02-28;1770;97423;LES TROIS BASSINS
97429;2018-05-31;2560;97405;PETITE ILE
97430;2020-08-31;17450;97422;LE TAMPON
97426;2018-04-30;1780;97423;LES TROIS BASSINS
97429;2018-06-30;2560;97405;PETITE ILE
97430;2020-09-30;17550;97422;LE TAMPON
97426;2018-05-31;1780;97423;LES TROIS BASSINS
97429;2018-09-30;2620;97405;PETITE ILE
97430;2021-04-30;17450;97422;LE TAMPON
97426;2018-06-30;1750;97423;LES TROIS BASSINS
97429;2018-11-30;2600;97405;PETITE ILE
97430;2021-09-30;17490;97422;LE TAMPON
97426;2018-07-31;1780;97423;LES TROIS BASSINS
97429;2019-01-31;2610;97405;PETITE ILE
97430;2021-10-31;17350;97422;LE TAMPON
97426;2019-02-28;1810;97423;LES TROIS BASSINS
97429;2019-11-30;2500;97405;PETITE ILE
97430;2022-02-28;17090;97422;LE TAMPON
97426;2019-09-30;1800;97423;LES TROIS BASSINS
97429;2020-03-31;2500;97405;PETITE ILE
97430;2022-03-31;17190;97422;LE TAMPON
97426;2020-01-31;1740;97423;LES TROIS BASSINS
97429;2020-06-30;2530;97405;PETITE ILE
97430;2022-04-30;17050;97422;LE TAMPON
97426;2020-02-29;1720;97423;LES TROIS BASSINS
97429;2020-07-31;2520;97405;PETITE ILE
97430;2022-07-31;16890;97422;LE TAMPON
97426;2020-03-31;1730;97423;LES TROIS BASSINS
97429;2020-08-31;2560;97405;PETITE ILE
97430;2022-08-31;17020;97422;LE TAMPON
97426;2020-04-30;1740;97423;LES TROIS BASSINS
97429;2020-11-30;2520;97405;PETITE ILE
97430;2022-09-30;16960;97422;LE TAMPON
97426;2020-07-31;1760;97423;LES TROIS BASSINS
97429;2020-12-31;2530;97405;PETITE ILE
97430;2022-11-30;16940;97422;LE TAMPON
97426;2020-09-30;1760;97423;LES TROIS BASSINS
97429;2021-01-31;2580;97405;PETITE ILE
97425;2016-08-31;2100;97401;LES AVIRONS
97426;2021-03-31;1770;97423;LES TROIS BASSINS
97429;2021-03-31;2610;97405;PETITE ILE
97425;2016-09-30;2090;97401;LES AVIRONS
97426;2021-10-31;1740;97423;LES TROIS BASSINS
97429;2021-04-30;2590;97405;PETITE ILE
97425;2016-11-30;2110;97401;LES AVIRONS
97426;2021-11-30;1730;97423;LES TROIS BASSINS
97429;2021-06-30;2600;97405;PETITE ILE
97425;2016-12-31;2100;97401;LES AVIRONS
97426;2021-12-31;1710;97423;LES TROIS BASSINS
97429;2022-02-28;2540;97405;PETITE ILE
97425;2017-02-28;2120;97401;LES AVIRONS
97426;2022-03-31;1730;97423;LES TROIS BASSINS
97429;2022-10-31;2510;97405;PETITE ILE
97425;2017-07-31;2100;97401;LES AVIRONS
97426;2022-05-31;1720;97423;LES TROIS BASSINS
97440;2016-09-30;10830;97409;ST ANDRE
97425;2017-08-31;2110;97401;LES AVIRONS
97426;2022-12-31;1730;97423;LES TROIS BASSINS
97440;2017-01-31;10920;97409;ST ANDRE
97425;2018-04-30;2150;97401;LES AVIRONS
97427;2016-07-31;2980;97404;L ETANG SALE
97440;2017-05-31;10790;97409;ST ANDRE
97425;2018-05-31;2140;97401;LES AVIRONS
97427;2016-09-30;2990;97404;L ETANG SALE
97440;2017-06-30;10780;97409;ST ANDRE
97425;2018-08-31;2160;97401;LES AVIRONS
97427;2016-10-31;2990;97404;L ETANG SALE
97440;2017-07-31;10750;97409;ST ANDRE
97425;2018-10-31;2180;97401;LES AVIRONS
97427;2016-12-31;2990;97404;L ETANG SALE
97440;2017-08-31;10880;97409;ST ANDRE
97425;2018-11-30;2190;97401;LES AVIRONS
97427;2017-07-31;2950;97404;L ETANG SALE
97440;2017-10-31;10830;97409;ST ANDRE
97425;2019-01-31;2230;97401;LES AVIRONS
97427;2018-03-31;2980;97404;L ETANG SALE
97440;2017-12-31;10680;97409;ST ANDRE
97425;2019-06-30;2210;97401;LES AVIRONS
97427;2018-04-30;2950;97404;L ETANG SALE
97440;2018-03-31;10720;97409;ST ANDRE
97425;2019-07-31;2200;97401;LES AVIRONS
97427;2018-05-31;2970;97404;L ETANG SALE
97440;2018-05-31;10880;97409;ST ANDRE
97425;2019-10-31;2190;97401;LES AVIRONS
97427;2018-06-30;2940;97404;L ETANG SALE
97440;2018-12-31;10800;97409;ST ANDRE
97425;2020-07-31;2220;97401;LES AVIRONS
97427;2018-10-31;2990;97404;L ETANG SALE
97440;2019-03-31;10930;97409;ST ANDRE
97425;2021-02-28;2230;97401;LES AVIRONS
97427;2018-11-30;2980;97404;L ETANG SALE
97440;2019-06-30;10880;97409;ST ANDRE
97425;2021-04-30;2220;97401;LES AVIRONS
97427;2018-12-31;2990;97404;L ETANG SALE
97440;2019-08-31;10960;97409;ST ANDRE
97425;2021-11-30;2220;97401;LES AVIRONS
97427;2019-02-28;3050;97404;L ETANG SALE
97440;2019-09-30;10930;97409;ST ANDRE
97425;2021-12-31;2200;97401;LES AVIRONS
97427;2019-03-31;3040;97404;L ETANG SALE
97440;2019-12-31;10460;97409;ST ANDRE
97425;2022-05-31;2160;97401;LES AVIRONS
97427;2019-06-30;2950;97404;L ETANG SALE
97440;2020-06-30;10590;97409;ST ANDRE
97425;2022-07-31;2150;97401;LES AVIRONS
97427;2019-07-31;3020;97404;L ETANG SALE
97440;2020-10-31;10690;97409;ST ANDRE
97425;2022-09-30;2190;97401;LES AVIRONS
97427;2019-10-31;3030;97404;L ETANG SALE
97440;2021-03-31;10560;97409;ST ANDRE
97425;2022-10-31;2150;97401;LES AVIRONS
97427;2020-01-31;2990;97404;L ETANG SALE
97440;2021-04-30;10490;97409;ST ANDRE
97425;2022-11-30;2180;97401;LES AVIRONS
97427;2020-04-30;3040;97404;L ETANG SALE
97440;2021-06-30;10370;97409;ST ANDRE
97426;2016-07-31;1760;97423;LES TROIS BASSINS
97427;2020-08-31;3040;97404;L ETANG SALE
97440;2021-07-31;10320;97409;ST ANDRE
97426;2016-11-30;1790;97423;LES TROIS BASSINS
97427;2020-10-31;3050;97404;L ETANG SALE
97440;2021-08-31;10370;97409;ST ANDRE
97426;2017-03-31;1790;97423;LES TROIS BASSINS
97427;2020-11-30;3040;97404;L ETANG SALE
97440;2021-09-30;10370;97409;ST ANDRE
97426;2017-05-31;1780;97423;LES TROIS BASSINS
97427;2021-03-31;3030;97404;L ETANG SALE
97440;2021-12-31;10060;97409;ST ANDRE
97426;2017-07-31;1790;97423;LES TROIS BASSINS
97427;2021-08-31;3010;97404;L ETANG SALE
97440;2022-02-28;10020;97409;ST ANDRE
97426;2017-08-31;1810;97423;LES TROIS BASSINS
97427;2021-12-31;3020;97404;L ETANG SALE
97440;2022-03-31;10160;97409;ST ANDRE
97426;2017-09-30;1770;97423;LES TROIS BASSINS
97427;2022-02-28;3030;97404;L ETANG SALE
97440;2022-05-31;9950;97409;ST ANDRE
97426;2018-09-30;1770;97423;LES TROIS BASSINS
97427;2022-03-31;3060;97404;L ETANG SALE
97440;2022-08-31;9970;97409;ST ANDRE
97426;2019-04-30;1830;97423;LES TROIS BASSINS
97427;2022-04-30;3020;97404;L ETANG SALE
97440;2022-10-31;9980;97409;ST ANDRE
97426;2019-05-31;1820;97423;LES TROIS BASSINS
97427;2022-05-31;3020;97404;L ETANG SALE
97440;2022-11-30;10040;97409;ST ANDRE
97426;2019-06-30;1810;97423;LES TROIS BASSINS
97427;2022-09-30;3010;97404;L ETANG SALE
97440;2022-12-31;9880;97409;ST ANDRE
97426;2019-07-31;1810;97423;LES TROIS BASSINS
97427;2022-10-31;3000;97404;L ETANG SALE
97470;2016-08-31;7360;97410;ST BENOIT
97426;2019-10-31;1780;97423;LES TROIS BASSINS
97427;2022-11-30;2980;97404;L ETANG SALE
97470;2016-12-31;7110;97410;ST BENOIT
97426;2019-11-30;1740;97423;LES TROIS BASSINS
97429;2016-07-31;2530;97405;PETITE ILE
97470;2017-03-31;7150;97410;ST BENOIT
97426;2020-05-31;1730;97423;LES TROIS BASSINS
97429;2017-02-28;2580;97405;PETITE ILE
97470;2017-04-30;7080;97410;ST BENOIT
97426;2020-06-30;1760;97423;LES TROIS BASSINS
97429;2017-05-31;2590;97405;PETITE ILE
97470;2017-06-30;6970;97410;ST BENOIT
97426;2020-08-31;1780;97423;LES TROIS BASSINS
97429;2017-10-31;2600;97405;PETITE ILE
97470;2017-10-31;7000;97410;ST BENOIT
97426;2020-11-30;1770;97423;LES TROIS BASSINS
97429;2018-07-31;2590;97405;PETITE ILE
97470;2017-12-31;6820;97410;ST BENOIT
97426;2020-12-31;1740;97423;LES TROIS BASSINS
97429;2018-08-31;2600;97405;PETITE ILE
97470;2018-02-28;6950;97410;ST BENOIT
97426;2021-04-30;1750;97423;LES TROIS BASSINS
97429;2018-10-31;2620;97405;PETITE ILE
97470;2018-05-31;6900;97410;ST BENOIT
97426;2021-06-30;1730;97423;LES TROIS BASSINS
97429;2019-03-31;2590;97405;PETITE ILE
97470;2019-04-30;6920;97410;ST BENOIT
97426;2021-07-31;1750;97423;LES TROIS BASSINS
97429;2019-04-30;2570;97405;PETITE ILE
97470;2019-05-31;6920;97410;ST BENOIT
97426;2022-01-31;1730;97423;LES TROIS BASSINS
97429;2019-05-31;2560;97405;PETITE ILE
97470;2019-08-31;7010;97410;ST BENOIT
97426;2022-07-31;1720;97423;LES TROIS BASSINS
97429;2019-07-31;2580;97405;PETITE ILE
97470;2019-09-30;7040;97410;ST BENOIT
97426;2022-08-31;1760;97423;LES TROIS BASSINS
97429;2019-12-31;2500;97405;PETITE ILE
97470;2019-10-31;6970;97410;ST BENOIT
97427;2016-11-30;3010;97404;L ETANG SALE
97429;2020-01-31;2510;97405;PETITE ILE
97470;2020-02-29;6810;97410;ST BENOIT
97427;2017-02-28;2990;97404;L ETANG SALE
97429;2020-02-29;2490;97405;PETITE ILE
97470;2020-03-31;6760;97410;ST BENOIT
97427;2017-06-30;2930;97404;L ETANG SALE
97429;2020-04-30;2530;97405;PETITE ILE
97470;2020-05-31;6870;97410;ST BENOIT
97427;2018-01-31;2970;97404;L ETANG SALE
97429;2021-02-28;2590;97405;PETITE ILE
97470;2020-06-30;6840;97410;ST BENOIT
97427;2018-08-31;2960;97404;L ETANG SALE
97429;2021-05-31;2590;97405;PETITE ILE
97470;2020-09-30;6980;97410;ST BENOIT
97427;2019-01-31;3040;97404;L ETANG SALE
97429;2021-07-31;2580;97405;PETITE ILE
97470;2021-01-31;7040;97410;ST BENOIT
97427;2019-04-30;3030;97404;L ETANG SALE
97429;2022-01-31;2570;97405;PETITE ILE
97470;2021-08-31;6990;97410;ST BENOIT
97427;2019-08-31;3040;97404;L ETANG SALE
97429;2022-03-31;2570;97405;PETITE ILE
97470;2021-09-30;7000;97410;ST BENOIT
97427;2019-11-30;3010;97404;L ETANG SALE
97429;2022-06-30;2490;97405;PETITE ILE
97470;2022-01-31;7020;97410;ST BENOIT
97427;2019-12-31;2990;97404;L ETANG SALE
97429;2022-07-31;2500;97405;PETITE ILE
97470;2022-08-31;7020;97410;ST BENOIT
97427;2020-02-29;2970;97404;L ETANG SALE
97429;2022-08-31;2510;97405;PETITE ILE
97470;2022-11-30;7070;97410;ST BENOIT
97427;2020-05-31;3040;97404;L ETANG SALE
97429;2022-09-30;2510;97405;PETITE ILE
97400;2016-07-31;26420;97411;ST DENIS
97427;2020-06-30;3010;97404;L ETANG SALE
97429;2022-11-30;2520;97405;PETITE ILE
97400;2016-08-31;26790;97411;ST DENIS
97427;2020-07-31;3010;97404;L ETANG SALE
97429;2022-12-31;2470;97405;PETITE ILE
97400;2016-11-30;26810;97411;ST DENIS
97427;2020-09-30;3060;97404;L ETANG SALE
97440;2016-07-31;10560;97409;ST ANDRE
97400;2016-12-31;26560;97411;ST DENIS
97427;2021-01-31;3020;97404;L ETANG SALE
97440;2016-08-31;10780;97409;ST ANDRE
97400;2017-04-30;26920;97411;ST DENIS
97427;2021-04-30;3040;97404;L ETANG SALE
97440;2016-12-31;10690;97409;ST ANDRE
97400;2017-07-31;26950;97411;ST DENIS
97427;2021-09-30;3030;97404;L ETANG SALE
97440;2017-02-28;10880;97409;ST ANDRE
97400;2017-11-30;27480;97411;ST DENIS
97427;2021-11-30;3060;97404;L ETANG SALE
97440;2017-09-30;10850;97409;ST ANDRE
97400;2018-03-31;27590;97411;ST DENIS
97427;2022-01-31;3050;97404;L ETANG SALE
97440;2018-04-30;10720;97409;ST ANDRE
97400;2018-06-30;27730;97411;ST DENIS
97427;2022-08-31;3010;97404;L ETANG SALE
97440;2018-07-31;10780;97409;ST ANDRE
97400;2018-10-31;28490;97411;ST DENIS
97429;2016-09-30;2560;97405;PETITE ILE
97440;2018-10-31;10960;97409;ST ANDRE
97400;2018-11-30;28070;97411;ST DENIS
97429;2017-03-31;2600;97405;PETITE ILE
97440;2019-01-31;11030;97409;ST ANDRE
97400;2018-12-31;27990;97411;ST DENIS
97429;2017-04-30;2580;97405;PETITE ILE
97440;2019-02-28;10990;97409;ST ANDRE
97400;2019-01-31;28430;97411;ST DENIS
97429;2017-06-30;2600;97405;PETITE ILE
97440;2019-04-30;10960;97409;ST ANDRE
97400;2019-05-31;28030;97411;ST DENIS
97429;2017-07-31;2600;97405;PETITE ILE
97440;2019-05-31;10890;97409;ST ANDRE
97400;2019-07-31;28260;97411;ST DENIS
97429;2017-08-31;2650;97405;PETITE ILE
97440;2019-07-31;10880;97409;ST ANDRE
97400;2020-05-31;27860;97411;ST DENIS
97429;2017-11-30;2570;97405;PETITE ILE
97440;2019-10-31;10870;97409;ST ANDRE
97400;2020-11-30;28040;97411;ST DENIS
97429;2017-12-31;2570;97405;PETITE ILE
97440;2019-11-30;10620;97409;ST ANDRE
97400;2020-12-31;27760;97411;ST DENIS
97429;2018-01-31;2600;97405;PETITE ILE
97440;2020-01-31;10700;97409;ST ANDRE
97400;2021-02-28;28010;97411;ST DENIS
97429;2018-02-28;2580;97405;PETITE ILE
97440;2020-02-29;10580;97409;ST ANDRE
97400;2021-03-31;28200;97411;ST DENIS
97429;2018-03-31;2540;97405;PETITE ILE
97440;2020-03-31;10550;97409;ST ANDRE
97400;2021-04-30;27990;97411;ST DENIS
97429;2018-12-31;2570;97405;PETITE ILE
97440;2020-07-31;10640;97409;ST ANDRE
97400;2021-06-30;27900;97411;ST DENIS
97429;2019-02-28;2570;97405;PETITE ILE
97440;2020-08-31;10750;97409;ST ANDRE
97400;2021-09-30;28100;97411;ST DENIS
97429;2019-06-30;2560;97405;PETITE ILE
97440;2020-09-30;10830;97409;ST ANDRE
97400;2022-02-28;27530;97411;ST DENIS
97429;2019-08-31;2590;97405;PETITE ILE
97440;2020-12-31;10540;97409;ST ANDRE
97400;2022-05-31;27230;97411;ST DENIS
97429;2019-09-30;2550;97405;PETITE ILE
97440;2022-06-30;9890;97409;ST ANDRE
97438;2016-08-31;6160;97418;STE MARIE
97429;2019-10-31;2530;97405;PETITE ILE
97440;2022-09-30;9980;97409;ST ANDRE
97438;2016-11-30;6060;97418;STE MARIE
97429;2020-05-31;2510;97405;PETITE ILE
97470;2016-07-31;7190;97410;ST BENOIT
97438;2017-01-31;6050;97418;STE MARIE
97429;2020-09-30;2550;97405;PETITE ILE
97470;2016-10-31;7240;97410;ST BENOIT
97438;2017-02-28;6060;97418;STE MARIE
97429;2020-10-31;2510;97405;PETITE ILE
97470;2016-11-30;7200;97410;ST BENOIT
97438;2017-05-31;5930;97418;STE MARIE
97429;2021-08-31;2610;97405;PETITE ILE
97470;2017-02-28;7130;97410;ST BENOIT
97438;2017-07-31;5990;97418;STE MARIE
97429;2021-09-30;2610;97405;PETITE ILE
97470;2018-04-30;6860;97410;ST BENOIT
97438;2018-02-28;6140;97418;STE MARIE
97429;2021-10-31;2570;97405;PETITE ILE
97470;2018-07-31;6920;97410;ST BENOIT
97438;2018-04-30;6140;97418;STE MARIE
97429;2021-11-30;2570;97405;PETITE ILE
97470;2018-08-31;7030;97410;ST BENOIT
97438;2018-05-31;6180;97418;STE MARIE
97429;2021-12-31;2550;97405;PETITE ILE
97470;2018-09-30;6950;97410;ST BENOIT
97438;2018-07-31;6210;97418;STE MARIE
97429;2022-04-30;2540;97405;PETITE ILE
97470;2018-10-31;6990;97410;ST BENOIT
97438;2018-08-31;6260;97418;STE MARIE
97429;2022-05-31;2530;97405;PETITE ILE
97470;2018-11-30;6820;97410;ST BENOIT
97438;2018-11-30;6190;97418;STE MARIE
97440;2016-10-31;10840;97409;ST ANDRE
97470;2018-12-31;6720;97410;ST BENOIT
97438;2018-12-31;6200;97418;STE MARIE
97440;2016-11-30;10850;97409;ST ANDRE
97470;2019-01-31;6960;97410;ST BENOIT
97438;2019-03-31;6320;97418;STE MARIE
97440;2017-03-31;10850;97409;ST ANDRE
97470;2019-02-28;7000;97410;ST BENOIT
97438;2019-06-30;6310;97418;STE MARIE
97440;2017-04-30;10780;97409;ST ANDRE
97470;2019-03-31;7040;97410;ST BENOIT
97438;2019-08-31;6390;97418;STE MARIE
97440;2017-11-30;10750;97409;ST ANDRE
97470;2019-06-30;6910;97410;ST BENOIT
97438;2019-11-30;6260;97418;STE MARIE
97440;2018-01-31;10770;97409;ST ANDRE
97470;2019-07-31;6940;97410;ST BENOIT
97438;2019-12-31;6180;97418;STE MARIE
97440;2018-02-28;10680;97409;ST ANDRE
97470;2019-11-30;6760;97410;ST BENOIT
97438;2020-02-29;6210;97418;STE MARIE
97440;2018-06-30;10810;97409;ST ANDRE
97470;2020-01-31;6840;97410;ST BENOIT
97438;2020-11-30;6340;97418;STE MARIE
97440;2018-08-31;10980;97409;ST ANDRE
97470;2020-07-31;6880;97410;ST BENOIT
97438;2021-02-28;6430;97418;STE MARIE
97440;2018-09-30;10960;97409;ST ANDRE
97470;2020-11-30;6860;97410;ST BENOIT
97438;2021-07-31;6440;97418;STE MARIE
97440;2018-11-30;10820;97409;ST ANDRE
97470;2021-03-31;7040;97410;ST BENOIT
97438;2022-04-30;6310;97418;STE MARIE
97440;2020-04-30;10600;97409;ST ANDRE
97470;2021-06-30;7000;97410;ST BENOIT
97438;2022-05-31;6310;97418;STE MARIE
97440;2020-05-31;10590;97409;ST ANDRE
97470;2021-11-30;6970;97410;ST BENOIT
97438;2022-06-30;6300;97418;STE MARIE
97440;2020-11-30;10640;97409;ST ANDRE
97470;2022-06-30;6950;97410;ST BENOIT
97438;2022-11-30;6350;97418;STE MARIE
97440;2021-01-31;10610;97409;ST ANDRE
97470;2022-07-31;6980;97410;ST BENOIT
97439;2016-07-31;1620;97419;STE ROSE
97440;2021-02-28;10550;97409;ST ANDRE
97400;2016-09-30;26730;97411;ST DENIS
97439;2016-09-30;1680;97419;STE ROSE
97440;2021-05-31;10420;97409;ST ANDRE
97400;2017-01-31;27190;97411;ST DENIS
97439;2016-11-30;1640;97419;STE ROSE
97440;2021-10-31;10280;97409;ST ANDRE
97400;2017-03-31;27080;97411;ST DENIS
97439;2017-02-28;1600;97419;STE ROSE
97440;2021-11-30;10280;97409;ST ANDRE
97400;2017-05-31;27050;97411;ST DENIS
97439;2017-03-31;1590;97419;STE ROSE
97440;2022-01-31;10110;97409;ST ANDRE
97400;2017-08-31;27470;97411;ST DENIS
97439;2017-05-31;1560;97419;STE ROSE
97440;2022-04-30;9990;97409;ST ANDRE
97400;2018-01-31;27660;97411;ST DENIS
97439;2017-07-31;1560;97419;STE ROSE
97440;2022-07-31;9860;97409;ST ANDRE
97400;2018-02-28;27710;97411;ST DENIS
97439;2017-10-31;1520;97419;STE ROSE
97470;2016-09-30;7260;97410;ST BENOIT
97400;2018-04-30;27470;97411;ST DENIS
97439;2017-11-30;1520;97419;STE ROSE
97470;2017-01-31;7190;97410;ST BENOIT
97400;2018-07-31;27930;97411;ST DENIS
97439;2018-01-31;1560;97419;STE ROSE
97470;2017-05-31;7030;97410;ST BENOIT
97400;2018-08-31;28240;97411;ST DENIS
97439;2018-02-28;1540;97419;STE ROSE
97470;2017-07-31;6890;97410;ST BENOIT
97400;2019-03-31;28300;97411;ST DENIS
97439;2018-04-30;1510;97419;STE ROSE
97470;2017-08-31;7020;97410;ST BENOIT
97400;2019-06-30;27990;97411;ST DENIS
97439;2018-05-31;1530;97419;STE ROSE
97470;2017-09-30;7030;97410;ST BENOIT
97400;2019-08-31;28470;97411;ST DENIS
97439;2018-08-31;1570;97419;STE ROSE
97470;2017-11-30;6890;97410;ST BENOIT
97400;2019-10-31;28400;97411;ST DENIS
97439;2018-10-31;1520;97419;STE ROSE
97470;2018-01-31;6930;97410;ST BENOIT
97400;2019-11-30;27840;97411;ST DENIS
97439;2019-04-30;1480;97419;STE ROSE
97470;2018-03-31;6890;97410;ST BENOIT
97400;2020-01-31;27700;97411;ST DENIS
97439;2019-05-31;1460;97419;STE ROSE
97470;2018-06-30;6940;97410;ST BENOIT
97400;2020-02-29;27650;97411;ST DENIS
97439;2019-07-31;1480;97419;STE ROSE
97470;2019-12-31;6720;97410;ST BENOIT
97400;2020-03-31;27610;97411;ST DENIS
97439;2019-08-31;1490;97419;STE ROSE
97470;2020-04-30;6800;97410;ST BENOIT
97400;2020-04-30;27790;97411;ST DENIS
97439;2019-10-31;1490;97419;STE ROSE
97470;2020-08-31;6960;97410;ST BENOIT
97400;2020-06-30;27820;97411;ST DENIS
97439;2020-02-29;1420;97419;STE ROSE
97470;2020-10-31;6960;97410;ST BENOIT
97400;2020-09-30;28360;97411;ST DENIS
97439;2020-04-30;1440;97419;STE ROSE
97470;2020-12-31;6850;97410;ST BENOIT
97400;2020-10-31;28260;97411;ST DENIS
97439;2020-05-31;1430;97419;STE ROSE
97470;2021-02-28;7010;97410;ST BENOIT
97400;2021-01-31;27930;97411;ST DENIS
97439;2020-07-31;1450;97419;STE ROSE
97470;2021-04-30;6990;97410;ST BENOIT
97400;2021-08-31;28060;97411;ST DENIS
97439;2021-04-30;1470;97419;STE ROSE
97470;2021-05-31;6960;97410;ST BENOIT
97400;2021-12-31;27640;97411;ST DENIS
97439;2021-07-31;1460;97419;STE ROSE
97470;2021-07-31;6900;97410;ST BENOIT
97400;2022-01-31;27670;97411;ST DENIS
97439;2021-08-31;1480;97419;STE ROSE
97470;2021-10-31;6970;97410;ST BENOIT
97400;2022-03-31;27680;97411;ST DENIS
97439;2022-01-31;1480;97419;STE ROSE
97470;2021-12-31;6940;97410;ST BENOIT
97400;2022-06-30;26860;97411;ST DENIS
97439;2022-03-31;1470;97419;STE ROSE
97470;2022-02-28;6990;97410;ST BENOIT
97400;2022-08-31;27410;97411;ST DENIS
97439;2022-05-31;1470;97419;STE ROSE
97470;2022-03-31;7020;97410;ST BENOIT
97400;2022-09-30;27420;97411;ST DENIS
97439;2022-08-31;1490;97419;STE ROSE
97470;2022-04-30;6970;97410;ST BENOIT
97400;2022-11-30;27380;97411;ST DENIS
97439;2022-10-31;1460;97419;STE ROSE
97470;2022-05-31;6980;97410;ST BENOIT
97400;2022-12-31;26840;97411;ST DENIS
97441;2016-09-30;4390;97420;STE SUZANNE
97470;2022-09-30;7040;97410;ST BENOIT
97438;2016-09-30;6100;97418;STE MARIE
97441;2016-10-31;4380;97420;STE SUZANNE
97470;2022-10-31;7050;97410;ST BENOIT
97438;2017-03-31;6020;97418;STE MARIE
97441;2016-12-31;4400;97420;STE SUZANNE
97470;2022-12-31;7010;97410;ST BENOIT
97438;2017-10-31;6140;97418;STE MARIE
97441;2017-01-31;4400;97420;STE SUZANNE
97400;2016-10-31;26770;97411;ST DENIS
97438;2017-12-31;6050;97418;STE MARIE
97441;2017-06-30;4190;97420;STE SUZANNE
97400;2017-02-28;27200;97411;ST DENIS
97438;2019-04-30;6310;97418;STE MARIE
97441;2017-08-31;4300;97420;STE SUZANNE
97400;2017-06-30;27020;97411;ST DENIS
97438;2019-05-31;6310;97418;STE MARIE
97441;2017-10-31;4270;97420;STE SUZANNE
97400;2017-09-30;27600;97411;ST DENIS
97438;2019-07-31;6390;97418;STE MARIE
97441;2017-12-31;4230;97420;STE SUZANNE
97400;2017-10-31;27560;97411;ST DENIS
97438;2019-09-30;6370;97418;STE MARIE
97441;2018-01-31;4300;97420;STE SUZANNE
97400;2017-12-31;27050;97411;ST DENIS
97438;2020-01-31;6330;97418;STE MARIE
97441;2018-02-28;4260;97420;STE SUZANNE
97400;2018-05-31;27830;97411;ST DENIS
97438;2020-03-31;6210;97418;STE MARIE
97441;2018-07-31;4250;97420;STE SUZANNE
97400;2018-09-30;28290;97411;ST DENIS
97438;2021-01-31;6390;97418;STE MARIE
97441;2018-08-31;4300;97420;STE SUZANNE
97400;2019-02-28;28390;97411;ST DENIS
97438;2021-04-30;6430;97418;STE MARIE
97441;2018-09-30;4290;97420;STE SUZANNE
97400;2019-04-30;28230;97411;ST DENIS
97438;2021-06-30;6430;97418;STE MARIE
97441;2019-05-31;4270;97420;STE SUZANNE
97400;2019-09-30;28560;97411;ST DENIS
97438;2021-10-31;6400;97418;STE MARIE
97441;2019-12-31;4230;97420;STE SUZANNE
97400;2019-12-31;27490;97411;ST DENIS
97438;2021-11-30;6350;97418;STE MARIE
97441;2021-02-28;4320;97420;STE SUZANNE
97400;2020-07-31;28040;97411;ST DENIS
97438;2021-12-31;6280;97418;STE MARIE
97441;2021-04-30;4240;97420;STE SUZANNE
97400;2020-08-31;28280;97411;ST DENIS
97438;2022-01-31;6350;97418;STE MARIE
97441;2021-05-31;4260;97420;STE SUZANNE
97400;2021-05-31;27770;97411;ST DENIS
97438;2022-03-31;6370;97418;STE MARIE
97441;2021-09-30;4330;97420;STE SUZANNE
97400;2021-07-31;27890;97411;ST DENIS
97438;2022-08-31;6420;97418;STE MARIE
97441;2021-10-31;4300;97420;STE SUZANNE
97400;2021-10-31;27870;97411;ST DENIS
97438;2022-09-30;6410;97418;STE MARIE
97441;2021-12-31;4260;97420;STE SUZANNE
97400;2021-11-30;27870;97411;ST DENIS
97439;2016-08-31;1660;97419;STE ROSE
97441;2022-05-31;4230;97420;STE SUZANNE
97400;2022-04-30;27410;97411;ST DENIS
97439;2017-06-30;1550;97419;STE ROSE
97441;2022-07-31;4300;97420;STE SUZANNE
97400;2022-07-31;26970;97411;ST DENIS
97439;2017-09-30;1540;97419;STE ROSE
97480;2016-08-31;9540;97412;ST JOSEPH
97400;2022-10-31;27380;97411;ST DENIS
97439;2017-12-31;1530;97419;STE ROSE
97480;2017-02-28;9540;97412;ST JOSEPH
97438;2016-07-31;6080;97418;STE MARIE
97439;2018-09-30;1540;97419;STE ROSE
97480;2017-03-31;9510;97412;ST JOSEPH
97438;2016-10-31;6020;97418;STE MARIE
97439;2019-03-31;1490;97419;STE ROSE
97480;2017-06-30;9500;97412;ST JOSEPH
97438;2016-12-31;6010;97418;STE MARIE
97439;2019-12-31;1420;97419;STE ROSE
97480;2017-09-30;9620;97412;ST JOSEPH
97438;2017-04-30;5950;97418;STE MARIE
97439;2020-01-31;1460;97419;STE ROSE
97480;2018-05-31;9660;97412;ST JOSEPH
97438;2017-06-30;5950;97418;STE MARIE
97439;2020-03-31;1440;97419;STE ROSE
97480;2018-07-31;9710;97412;ST JOSEPH
97438;2017-08-31;6170;97418;STE MARIE
97439;2020-09-30;1430;97419;STE ROSE
97480;2018-08-31;9700;97412;ST JOSEPH
97438;2017-09-30;6120;97418;STE MARIE
97439;2020-11-30;1440;97419;STE ROSE
97480;2018-10-31;9640;97412;ST JOSEPH
97438;2017-11-30;6120;97418;STE MARIE
97439;2021-01-31;1490;97419;STE ROSE
97480;2018-11-30;9590;97412;ST JOSEPH
97438;2018-01-31;6120;97418;STE MARIE
97439;2021-11-30;1480;97419;STE ROSE
97480;2019-01-31;9680;97412;ST JOSEPH
97438;2018-03-31;6130;97418;STE MARIE
97439;2022-02-28;1480;97419;STE ROSE
97480;2019-03-31;9670;97412;ST JOSEPH
97438;2018-06-30;6160;97418;STE MARIE
97439;2022-04-30;1470;97419;STE ROSE
97480;2019-04-30;9620;97412;ST JOSEPH
97438;2018-09-30;6230;97418;STE MARIE
97439;2022-07-31;1500;97419;STE ROSE
97480;2019-09-30;9450;97412;ST JOSEPH
97438;2018-10-31;6320;97418;STE MARIE
97439;2022-11-30;1480;97419;STE ROSE
97480;2020-07-31;9290;97412;ST JOSEPH
97438;2019-01-31;6360;97418;STE MARIE
97441;2016-11-30;4410;97420;STE SUZANNE
97480;2020-08-31;9360;97412;ST JOSEPH
97438;2019-02-28;6320;97418;STE MARIE
97441;2017-02-28;4400;97420;STE SUZANNE
97480;2020-09-30;9410;97412;ST JOSEPH
97438;2019-10-31;6360;97418;STE MARIE
97441;2017-03-31;4350;97420;STE SUZANNE
97480;2020-12-31;9240;97412;ST JOSEPH
97438;2020-04-30;6300;97418;STE MARIE
97441;2017-05-31;4220;97420;STE SUZANNE
97480;2021-12-31;8930;97412;ST JOSEPH
97438;2020-05-31;6320;97418;STE MARIE
97441;2017-07-31;4210;97420;STE SUZANNE
97480;2022-06-30;8870;97412;ST JOSEPH
97438;2020-06-30;6310;97418;STE MARIE
97441;2017-11-30;4290;97420;STE SUZANNE
97480;2022-07-31;8940;97412;ST JOSEPH
97438;2020-07-31;6370;97418;STE MARIE
97441;2018-03-31;4270;97420;STE SUZANNE
97480;2022-11-30;8920;97412;ST JOSEPH
97438;2020-08-31;6440;97418;STE MARIE
97441;2018-04-30;4270;97420;STE SUZANNE
97436;2016-07-31;8230;97413;ST LEU
97438;2020-09-30;6460;97418;STE MARIE
97441;2019-06-30;4280;97420;STE SUZANNE
97436;2016-10-31;8370;97413;ST LEU
97438;2020-10-31;6380;97418;STE MARIE
97441;2019-10-31;4320;97420;STE SUZANNE
97436;2016-11-30;8320;97413;ST LEU
97438;2020-12-31;6300;97418;STE MARIE
97441;2020-01-31;4290;97420;STE SUZANNE
97436;2017-03-31;8250;97413;ST LEU
97438;2021-03-31;6450;97418;STE MARIE
97441;2020-02-29;4260;97420;STE SUZANNE
97436;2017-07-31;8270;97413;ST LEU
97438;2021-05-31;6400;97418;STE MARIE
97441;2020-04-30;4280;97420;STE SUZANNE
97436;2017-10-31;8500;97413;ST LEU
97438;2021-08-31;6510;97418;STE MARIE
97441;2020-05-31;4300;97420;STE SUZANNE
97436;2018-01-31;8490;97413;ST LEU
97438;2021-09-30;6530;97418;STE MARIE
97441;2020-07-31;4320;97420;STE SUZANNE
97436;2018-03-31;8440;97413;ST LEU
97438;2022-02-28;6340;97418;STE MARIE
97441;2021-03-31;4280;97420;STE SUZANNE
97436;2019-02-28;8400;97413;ST LEU
97438;2022-07-31;6330;97418;STE MARIE
97441;2022-04-30;4230;97420;STE SUZANNE
97436;2019-04-30;8400;97413;ST LEU
97438;2022-10-31;6370;97418;STE MARIE
97441;2022-06-30;4240;97420;STE SUZANNE
97436;2019-07-31;8370;97413;ST LEU
97438;2022-12-31;6250;97418;STE MARIE
97441;2022-10-31;4370;97420;STE SUZANNE
97436;2019-11-30;8240;97413;ST LEU
97439;2016-10-31;1660;97419;STE ROSE
97441;2022-11-30;4350;97420;STE SUZANNE
97436;2019-12-31;8160;97413;ST LEU
97439;2016-12-31;1620;97419;STE ROSE
97441;2022-12-31;4270;97420;STE SUZANNE
97436;2020-05-31;8180;97413;ST LEU
97439;2017-01-31;1620;97419;STE ROSE
97480;2016-10-31;9600;97412;ST JOSEPH
97436;2020-09-30;8330;97413;ST LEU
97439;2017-04-30;1560;97419;STE ROSE
97480;2017-07-31;9460;97412;ST JOSEPH
97436;2020-10-31;8340;97413;ST LEU
97439;2017-08-31;1560;97419;STE ROSE
97480;2017-08-31;9600;97412;ST JOSEPH
97436;2020-12-31;8230;97413;ST LEU
97439;2018-03-31;1510;97419;STE ROSE
97480;2017-10-31;9650;97412;ST JOSEPH
97436;2021-04-30;8320;97413;ST LEU
97439;2018-06-30;1550;97419;STE ROSE
97480;2017-12-31;9530;97412;ST JOSEPH
97436;2021-05-31;8320;97413;ST LEU
97439;2018-07-31;1550;97419;STE ROSE
97480;2018-01-31;9640;97412;ST JOSEPH
97436;2021-06-30;8240;97413;ST LEU
97439;2018-11-30;1470;97419;STE ROSE
97480;2018-09-30;9650;97412;ST JOSEPH
97436;2021-08-31;8320;97413;ST LEU
97439;2018-12-31;1480;97419;STE ROSE
97480;2018-12-31;9610;97412;ST JOSEPH
97436;2021-09-30;8350;97413;ST LEU
97439;2019-01-31;1520;97419;STE ROSE
97480;2019-07-31;9550;97412;ST JOSEPH
97436;2021-10-31;8330;97413;ST LEU
97439;2019-02-28;1510;97419;STE ROSE
97480;2019-08-31;9560;97412;ST JOSEPH
97436;2022-04-30;8170;97413;ST LEU
97439;2019-06-30;1460;97419;STE ROSE
97480;2020-04-30;9300;97412;ST JOSEPH
97436;2022-05-31;8090;97413;ST LEU
97439;2019-09-30;1490;97419;STE ROSE
97480;2020-05-31;9300;97412;ST JOSEPH
97436;2022-07-31;8140;97413;ST LEU
97439;2019-11-30;1430;97419;STE ROSE
97480;2020-11-30;9290;97412;ST JOSEPH
97436;2022-09-30;8330;97413;ST LEU
97439;2020-06-30;1440;97419;STE ROSE
97480;2021-02-28;9220;97412;ST JOSEPH
97436;2022-10-31;8290;97413;ST LEU
97439;2020-08-31;1440;97419;STE ROSE
97480;2021-04-30;9100;97412;ST JOSEPH
97436;2022-12-31;8260;97413;ST LEU
97439;2020-10-31;1420;97419;STE ROSE
97480;2021-06-30;9120;97412;ST JOSEPH
97434;2016-07-31;12670;97415;ST PAUL
97439;2020-12-31;1440;97419;STE ROSE
97480;2021-09-30;9130;97412;ST JOSEPH
97434;2016-10-31;12900;97415;ST PAUL
97439;2021-02-28;1470;97419;STE ROSE
97480;2021-10-31;9060;97412;ST JOSEPH
97434;2017-03-31;12910;97415;ST PAUL
97439;2021-03-31;1470;97419;STE ROSE
97480;2022-01-31;8970;97412;ST JOSEPH
97434;2017-05-31;12770;97415;ST PAUL
97439;2021-05-31;1470;97419;STE ROSE
97480;2022-08-31;9000;97412;ST JOSEPH
97434;2017-06-30;12700;97415;ST PAUL
97439;2021-06-30;1480;97419;STE ROSE
97480;2022-09-30;8950;97412;ST JOSEPH
97434;2017-08-31;12940;97415;ST PAUL
97439;2021-09-30;1500;97419;STE ROSE
97480;2022-10-31;8880;97412;ST JOSEPH
97434;2017-10-31;12820;97415;ST PAUL
97439;2021-10-31;1490;97419;STE ROSE
97436;2016-09-30;8410;97413;ST LEU
97434;2018-05-31;12780;97415;ST PAUL
97439;2021-12-31;1440;97419;STE ROSE
97436;2017-01-31;8490;97413;ST LEU
97434;2018-07-31;12810;97415;ST PAUL
97439;2022-06-30;1460;97419;STE ROSE
97436;2017-04-30;8270;97413;ST LEU
97434;2019-05-31;12780;97415;ST PAUL
97439;2022-09-30;1490;97419;STE ROSE
97436;2017-06-30;8230;97413;ST LEU
97434;2019-07-31;12850;97415;ST PAUL
97439;2022-12-31;1480;97419;STE ROSE
97436;2017-08-31;8470;97413;ST LEU
97434;2019-08-31;12900;97415;ST PAUL
97441;2016-07-31;4370;97420;STE SUZANNE
97436;2017-09-30;8400;97413;ST LEU
97434;2019-12-31;12440;97415;ST PAUL
97441;2016-08-31;4380;97420;STE SUZANNE
97436;2018-02-28;8470;97413;ST LEU
97434;2020-03-31;12570;97415;ST PAUL
97441;2017-04-30;4310;97420;STE SUZANNE
97436;2018-04-30;8380;97413;ST LEU
97434;2020-06-30;12640;97415;ST PAUL
97441;2017-09-30;4290;97420;STE SUZANNE
97436;2018-09-30;8360;97413;ST LEU
97434;2020-07-31;12680;97415;ST PAUL
97441;2018-05-31;4270;97420;STE SUZANNE
97436;2018-10-31;8450;97413;ST LEU
97434;2020-08-31;12770;97415;ST PAUL
97441;2018-06-30;4270;97420;STE SUZANNE
97436;2018-12-31;8330;97413;ST LEU
97434;2021-01-31;12840;97415;ST PAUL
97441;2018-10-31;4350;97420;STE SUZANNE
97436;2019-03-31;8380;97413;ST LEU
97434;2021-02-28;12790;97415;ST PAUL
97441;2018-11-30;4290;97420;STE SUZANNE
97436;2019-08-31;8350;97413;ST LEU
97434;2021-03-31;12860;97415;ST PAUL
97441;2018-12-31;4260;97420;STE SUZANNE
97436;2019-09-30;8420;97413;ST LEU
97434;2021-05-31;12780;97415;ST PAUL
97441;2019-01-31;4360;97420;STE SUZANNE
97436;2020-01-31;8260;97413;ST LEU
97434;2021-10-31;12700;97415;ST PAUL
97441;2019-02-28;4320;97420;STE SUZANNE
97436;2020-03-31;8210;97413;ST LEU
97434;2022-01-31;12530;97415;ST PAUL
97441;2019-03-31;4290;97420;STE SUZANNE
97436;2020-06-30;8160;97413;ST LEU
97434;2022-05-31;12470;97415;ST PAUL
97441;2019-04-30;4310;97420;STE SUZANNE
97436;2020-07-31;8250;97413;ST LEU
97434;2022-10-31;12470;97415;ST PAUL
97441;2019-07-31;4270;97420;STE SUZANNE
97436;2021-01-31;8340;97413;ST LEU
97460;2016-08-31;21860;97415;ST PAUL
97441;2019-08-31;4250;97420;STE SUZANNE
97436;2021-07-31;8310;97413;ST LEU
97460;2016-10-31;21970;97415;ST PAUL
97441;2019-09-30;4280;97420;STE SUZANNE
97436;2021-11-30;8380;97413;ST LEU
97460;2017-02-28;22080;97415;ST PAUL
97441;2019-11-30;4250;97420;STE SUZANNE
97436;2021-12-31;8340;97413;ST LEU
97460;2017-03-31;21940;97415;ST PAUL
97441;2020-03-31;4260;97420;STE SUZANNE
97436;2022-01-31;8290;97413;ST LEU
97460;2017-06-30;21620;97415;ST PAUL
97441;2020-06-30;4310;97420;STE SUZANNE
97436;2022-02-28;8250;97413;ST LEU
97460;2017-07-31;21670;97415;ST PAUL
97441;2020-08-31;4360;97420;STE SUZANNE
97436;2022-11-30;8330;97413;ST LEU
97460;2018-02-28;21840;97415;ST PAUL
97441;2020-09-30;4370;97420;STE SUZANNE
97434;2017-01-31;13060;97415;ST PAUL
97460;2018-05-31;21620;97415;ST PAUL
97441;2020-10-31;4310;97420;STE SUZANNE
97434;2017-04-30;12780;97415;ST PAUL
97460;2018-08-31;21780;97415;ST PAUL
97441;2020-11-30;4290;97420;STE SUZANNE
97434;2017-07-31;12730;97415;ST PAUL
97460;2018-11-30;21530;97415;ST PAUL
97441;2020-12-31;4280;97420;STE SUZANNE
97434;2017-12-31;12670;97415;ST PAUL
97460;2018-12-31;21560;97415;ST PAUL
97441;2021-01-31;4340;97420;STE SUZANNE
97434;2018-02-28;12820;97415;ST PAUL
97460;2019-05-31;21510;97415;ST PAUL
97441;2021-06-30;4260;97420;STE SUZANNE
97434;2018-03-31;12820;97415;ST PAUL
97460;2019-06-30;21480;97415;ST PAUL
97441;2021-07-31;4290;97420;STE SUZANNE
97434;2018-04-30;12780;97415;ST PAUL
97460;2019-09-30;21900;97415;ST PAUL
97441;2021-08-31;4340;97420;STE SUZANNE
97434;2018-08-31;12890;97415;ST PAUL
97460;2019-11-30;21410;97415;ST PAUL
97441;2021-11-30;4300;97420;STE SUZANNE
97434;2018-09-30;12880;97415;ST PAUL
97460;2020-01-31;21370;97415;ST PAUL
97441;2022-01-31;4290;97420;STE SUZANNE
97434;2018-10-31;12940;97415;ST PAUL
97460;2020-04-30;21290;97415;ST PAUL
97441;2022-02-28;4290;97420;STE SUZANNE
97434;2018-12-31;12820;97415;ST PAUL
97460;2020-06-30;21180;97415;ST PAUL
97441;2022-03-31;4300;97420;STE SUZANNE
97434;2019-01-31;13100;97415;ST PAUL
97460;2021-01-31;21580;97415;ST PAUL
97441;2022-08-31;4370;97420;STE SUZANNE
97434;2019-03-31;12920;97415;ST PAUL
97460;2021-05-31;21460;97415;ST PAUL
97441;2022-09-30;4360;97420;STE SUZANNE
97434;2019-04-30;12860;97415;ST PAUL
97460;2021-07-31;21510;97415;ST PAUL
97480;2016-07-31;9460;97412;ST JOSEPH
97434;2019-06-30;12750;97415;ST PAUL
97460;2021-08-31;21720;97415;ST PAUL
97480;2016-09-30;9620;97412;ST JOSEPH
97434;2019-10-31;12790;97415;ST PAUL
97460;2021-11-30;21380;97415;ST PAUL
97480;2016-11-30;9550;97412;ST JOSEPH
97434;2020-02-29;12500;97415;ST PAUL
97460;2021-12-31;21230;97415;ST PAUL
97480;2016-12-31;9560;97412;ST JOSEPH
97434;2020-10-31;12770;97415;ST PAUL
97460;2022-01-31;21240;97415;ST PAUL
97480;2017-01-31;9590;97412;ST JOSEPH
97434;2020-12-31;12740;97415;ST PAUL
97460;2022-02-28;21070;97415;ST PAUL
97480;2017-04-30;9430;97412;ST JOSEPH
97434;2021-06-30;12730;97415;ST PAUL
97460;2022-11-30;20710;97415;ST PAUL
97480;2017-05-31;9490;97412;ST JOSEPH
97434;2021-07-31;12640;97415;ST PAUL
97460;2022-12-31;20510;97415;ST PAUL
97480;2017-11-30;9620;97412;ST JOSEPH
97434;2021-08-31;12790;97415;ST PAUL
97442;2016-08-31;1460;97417;ST PHILIPPE
97480;2018-02-28;9650;97412;ST JOSEPH
97434;2021-09-30;12840;97415;ST PAUL
97442;2016-09-30;1480;97417;ST PHILIPPE
97480;2018-03-31;9610;97412;ST JOSEPH
97434;2022-02-28;12400;97415;ST PAUL
97442;2017-03-31;1440;97417;ST PHILIPPE
97480;2018-04-30;9640;97412;ST JOSEPH
97434;2022-04-30;12440;97415;ST PAUL
97442;2017-04-30;1440;97417;ST PHILIPPE
97480;2018-06-30;9670;97412;ST JOSEPH
97434;2022-08-31;12630;97415;ST PAUL
97442;2018-01-31;1480;97417;ST PHILIPPE
97480;2019-02-28;9720;97412;ST JOSEPH
97434;2022-09-30;12630;97415;ST PAUL
97442;2018-03-31;1470;97417;ST PHILIPPE
97480;2019-05-31;9570;97412;ST JOSEPH
97460;2016-07-31;21310;97415;ST PAUL
97442;2018-05-31;1460;97417;ST PHILIPPE
97480;2019-06-30;9540;97412;ST JOSEPH
97460;2016-09-30;21950;97415;ST PAUL
97442;2018-07-31;1460;97417;ST PHILIPPE
97480;2019-10-31;9450;97412;ST JOSEPH
97460;2017-01-31;22140;97415;ST PAUL
97442;2018-09-30;1450;97417;ST PHILIPPE
97480;2019-11-30;9270;97412;ST JOSEPH
97460;2017-08-31;21820;97415;ST PAUL
97442;2018-12-31;1430;97417;ST PHILIPPE
97480;2019-12-31;9280;97412;ST JOSEPH
97460;2017-11-30;21800;97415;ST PAUL
97442;2019-02-28;1440;97417;ST PHILIPPE
97480;2020-01-31;9340;97412;ST JOSEPH
97460;2017-12-31;21530;97415;ST PAUL
97442;2019-04-30;1440;97417;ST PHILIPPE
97480;2020-02-29;9250;97412;ST JOSEPH
97460;2018-03-31;21660;97415;ST PAUL
97442;2019-05-31;1420;97417;ST PHILIPPE
97480;2020-03-31;9290;97412;ST JOSEPH
97460;2018-04-30;21580;97415;ST PAUL
97442;2019-08-31;1430;97417;ST PHILIPPE
97480;2020-06-30;9260;97412;ST JOSEPH
97460;2018-06-30;21480;97415;ST PAUL
97442;2020-03-31;1340;97417;ST PHILIPPE
97480;2020-10-31;9370;97412;ST JOSEPH
97460;2018-07-31;21590;97415;ST PAUL
97442;2020-05-31;1340;97417;ST PHILIPPE
97480;2021-01-31;9310;97412;ST JOSEPH
97460;2019-03-31;21760;97415;ST PAUL
97442;2020-10-31;1350;97417;ST PHILIPPE
97480;2021-03-31;9210;97412;ST JOSEPH
97460;2019-08-31;21820;97415;ST PAUL
97442;2020-11-30;1350;97417;ST PHILIPPE
97480;2021-05-31;9120;97412;ST JOSEPH
97460;2019-12-31;21160;97415;ST PAUL
97442;2021-02-28;1340;97417;ST PHILIPPE
97480;2021-07-31;9130;97412;ST JOSEPH
97460;2020-03-31;21150;97415;ST PAUL
97442;2021-06-30;1300;97417;ST PHILIPPE
97480;2021-08-31;9120;97412;ST JOSEPH
97460;2020-05-31;21200;97415;ST PAUL
97442;2021-09-30;1290;97417;ST PHILIPPE
97480;2021-11-30;9030;97412;ST JOSEPH
97460;2020-08-31;21560;97415;ST PAUL
97442;2021-11-30;1310;97417;ST PHILIPPE
97480;2022-02-28;8920;97412;ST JOSEPH
97460;2021-02-28;21520;97415;ST PAUL
97442;2021-12-31;1290;97417;ST PHILIPPE
97480;2022-03-31;8950;97412;ST JOSEPH
97460;2021-03-31;21720;97415;ST PAUL
97442;2022-04-30;1300;97417;ST PHILIPPE
97480;2022-04-30;8900;97412;ST JOSEPH
97460;2021-04-30;21580;97415;ST PAUL
97442;2022-05-31;1280;97417;ST PHILIPPE
97480;2022-05-31;8890;97412;ST JOSEPH
97460;2022-03-31;21260;97415;ST PAUL
97442;2022-07-31;1300;97417;ST PHILIPPE
97480;2022-12-31;8840;97412;ST JOSEPH
97460;2022-06-30;20580;97415;ST PAUL
97442;2022-12-31;1280;97417;ST PHILIPPE
97436;2016-08-31;8370;97413;ST LEU
97460;2022-07-31;20680;97415;ST PAUL
97410;2016-08-31;19800;97416;ST PIERRE
97436;2016-12-31;8330;97413;ST LEU
97460;2022-09-30;20820;97415;ST PAUL
97410;2016-09-30;19910;97416;ST PIERRE
97436;2017-02-28;8450;97413;ST LEU
97442;2016-07-31;1460;97417;ST PHILIPPE
97410;2016-10-31;19760;97416;ST PIERRE
97436;2017-05-31;8300;97413;ST LEU
97442;2016-12-31;1460;97417;ST PHILIPPE
97410;2016-11-30;19920;97416;ST PIERRE
97436;2017-11-30;8450;97413;ST LEU
97442;2017-01-31;1460;97417;ST PHILIPPE
97410;2016-12-31;19710;97416;ST PIERRE
97436;2017-12-31;8380;97413;ST LEU
97442;2017-02-28;1430;97417;ST PHILIPPE
97410;2017-02-28;19930;97416;ST PIERRE
97436;2018-05-31;8410;97413;ST LEU
97442;2017-06-30;1460;97417;ST PHILIPPE
97410;2017-07-31;19590;97416;ST PIERRE
97436;2018-06-30;8410;97413;ST LEU
97442;2017-09-30;1470;97417;ST PHILIPPE
97410;2017-09-30;19750;97416;ST PIERRE
97436;2018-07-31;8420;97413;ST LEU
97442;2017-12-31;1470;97417;ST PHILIPPE
97410;2017-11-30;19870;97416;ST PIERRE
97436;2018-08-31;8410;97413;ST LEU
97442;2018-02-28;1490;97417;ST PHILIPPE
97410;2018-05-31;20140;97416;ST PIERRE
97436;2018-11-30;8350;97413;ST LEU
97442;2019-01-31;1440;97417;ST PHILIPPE
97410;2018-07-31;20070;97416;ST PIERRE
97436;2019-01-31;8470;97413;ST LEU
97442;2019-03-31;1450;97417;ST PHILIPPE
97410;2018-09-30;20350;97416;ST PIERRE
97436;2019-05-31;8310;97413;ST LEU
97442;2019-10-31;1410;97417;ST PHILIPPE
97410;2018-11-30;20120;97416;ST PIERRE
97436;2019-06-30;8340;97413;ST LEU
97442;2020-02-29;1360;97417;ST PHILIPPE
97410;2019-02-28;20250;97416;ST PIERRE
97436;2019-10-31;8370;97413;ST LEU
97442;2020-04-30;1350;97417;ST PHILIPPE
97410;2019-04-30;20040;97416;ST PIERRE
97436;2020-02-29;8180;97413;ST LEU
97442;2020-07-31;1350;97417;ST PHILIPPE
97410;2019-08-31;20020;97416;ST PIERRE
97436;2020-04-30;8230;97413;ST LEU
97442;2020-09-30;1370;97417;ST PHILIPPE
97410;2019-09-30;20060;97416;ST PIERRE
97436;2020-08-31;8300;97413;ST LEU
97442;2020-12-31;1360;97417;ST PHILIPPE
97410;2019-10-31;19970;97416;ST PIERRE
97436;2020-11-30;8270;97413;ST LEU
97442;2021-01-31;1360;97417;ST PHILIPPE
97410;2019-11-30;19650;97416;ST PIERRE
97436;2021-02-28;8350;97413;ST LEU
97442;2021-05-31;1320;97417;ST PHILIPPE
97410;2019-12-31;19400;97416;ST PIERRE
97436;2021-03-31;8380;97413;ST LEU
97442;2021-07-31;1300;97417;ST PHILIPPE
97410;2020-01-31;19700;97416;ST PIERRE
97436;2022-03-31;8320;97413;ST LEU
97442;2021-08-31;1300;97417;ST PHILIPPE
97410;2020-03-31;19560;97416;ST PIERRE
97436;2022-06-30;8090;97413;ST LEU
97442;2022-01-31;1310;97417;ST PHILIPPE
97410;2020-04-30;19490;97416;ST PIERRE
97436;2022-08-31;8300;97413;ST LEU
97442;2022-03-31;1320;97417;ST PHILIPPE
97410;2020-12-31;19050;97416;ST PIERRE
97434;2016-08-31;12850;97415;ST PAUL
97442;2022-09-30;1290;97417;ST PHILIPPE
97410;2021-02-28;19230;97416;ST PIERRE
97434;2016-09-30;12880;97415;ST PAUL
97410;2017-03-31;19840;97416;ST PIERRE
97410;2021-04-30;19290;97416;ST PIERRE
97434;2016-11-30;12880;97415;ST PAUL
97410;2017-04-30;19720;97416;ST PIERRE
97410;2021-09-30;19570;97416;ST PIERRE
97434;2016-12-31;12860;97415;ST PAUL
97410;2017-12-31;19570;97416;ST PIERRE
97410;2021-11-30;19410;97416;ST PIERRE
97434;2017-02-28;12970;97415;ST PAUL
97410;2018-03-31;19990;97416;ST PIERRE
97410;2022-04-30;19120;97416;ST PIERRE
97434;2017-09-30;12890;97415;ST PAUL
97410;2018-06-30;19960;97416;ST PIERRE
97410;2022-07-31;18730;97416;ST PIERRE
97434;2017-11-30;12740;97415;ST PAUL
97410;2018-08-31;20330;97416;ST PIERRE
97410;2022-09-30;19080;97416;ST PIERRE
97434;2018-01-31;12870;97415;ST PAUL
97410;2018-10-31;20380;97416;ST PIERRE
97433;2016-07-31;1790;97421;SALAZIE
97434;2018-06-30;12620;97415;ST PAUL
97410;2018-12-31;20070;97416;ST PIERRE
97433;2016-09-30;1800;97421;SALAZIE
97434;2018-11-30;12810;97415;ST PAUL
97410;2019-05-31;19870;97416;ST PIERRE
97433;2016-10-31;1800;97421;SALAZIE
97434;2019-02-28;13010;97415;ST PAUL
97410;2020-05-31;19350;97416;ST PIERRE
97433;2017-08-31;1800;97421;SALAZIE
97434;2019-09-30;12850;97415;ST PAUL
97410;2020-06-30;19190;97416;ST PIERRE
97433;2017-09-30;1800;97421;SALAZIE
97434;2019-11-30;12530;97415;ST PAUL
97410;2020-08-31;19270;97416;ST PIERRE
97433;2017-11-30;1810;97421;SALAZIE
97434;2020-01-31;12600;97415;ST PAUL
97410;2020-09-30;19310;97416;ST PIERRE
97433;2018-04-30;1740;97421;SALAZIE
97434;2020-04-30;12590;97415;ST PAUL
97410;2020-11-30;19160;97416;ST PIERRE
97433;2018-07-31;1790;97421;SALAZIE
97434;2020-05-31;12590;97415;ST PAUL
97410;2021-01-31;19210;97416;ST PIERRE
97433;2018-08-31;1790;97421;SALAZIE
97434;2020-09-30;12850;97415;ST PAUL
97410;2021-03-31;19310;97416;ST PIERRE
97433;2018-11-30;1750;97421;SALAZIE
97434;2020-11-30;12710;97415;ST PAUL
97410;2021-07-31;19290;97416;ST PIERRE
97433;2019-05-31;1720;97421;SALAZIE
97434;2021-04-30;12760;97415;ST PAUL
97433;2016-11-30;1780;97421;SALAZIE
97433;2019-08-31;1750;97421;SALAZIE
97434;2021-11-30;12660;97415;ST PAUL
97433;2017-02-28;1760;97421;SALAZIE
97433;2019-09-30;1740;97421;SALAZIE
97434;2021-12-31;12470;97415;ST PAUL
97433;2017-03-31;1770;97421;SALAZIE
97433;2019-12-31;1690;97421;SALAZIE
97434;2022-03-31;12530;97415;ST PAUL
97433;2017-05-31;1760;97421;SALAZIE
97433;2020-01-31;1730;97421;SALAZIE
97434;2022-06-30;12410;97415;ST PAUL
97433;2017-07-31;1750;97421;SALAZIE
97433;2020-02-29;1720;97421;SALAZIE
97434;2022-07-31;12470;97415;ST PAUL
97433;2018-01-31;1800;97421;SALAZIE
97433;2020-04-30;1720;97421;SALAZIE
97434;2022-11-30;12410;97415;ST PAUL
97433;2018-02-28;1800;97421;SALAZIE
97433;2020-09-30;1740;97421;SALAZIE
97434;2022-12-31;12240;97415;ST PAUL
97433;2018-05-31;1780;97421;SALAZIE
97433;2021-02-28;1720;97421;SALAZIE
97460;2016-11-30;21990;97415;ST PAUL
97433;2018-06-30;1770;97421;SALAZIE
97433;2021-03-31;1730;97421;SALAZIE
97460;2016-12-31;21910;97415;ST PAUL
97433;2018-09-30;1780;97421;SALAZIE
97433;2021-08-31;1690;97421;SALAZIE
97460;2017-04-30;21730;97415;ST PAUL
97433;2018-10-31;1770;97421;SALAZIE
97433;2021-09-30;1690;97421;SALAZIE
97460;2017-05-31;21700;97415;ST PAUL
97433;2019-01-31;1740;97421;SALAZIE
97433;2022-03-31;1650;97421;SALAZIE
97460;2017-09-30;21820;97415;ST PAUL
97433;2019-02-28;1740;97421;SALAZIE
97433;2022-04-30;1630;97421;SALAZIE
97460;2017-10-31;21900;97415;ST PAUL
97433;2019-07-31;1750;97421;SALAZIE
97433;2022-06-30;1580;97421;SALAZIE
97460;2018-01-31;21840;97415;ST PAUL
97433;2019-10-31;1730;97421;SALAZIE
97433;2022-09-30;1610;97421;SALAZIE
97460;2018-09-30;21760;97415;ST PAUL
97433;2019-11-30;1710;97421;SALAZIE
97460;2018-10-31;21850;97415;ST PAUL
97433;2020-03-31;1740;97421;SALAZIE
97460;2019-01-31;22010;97415;ST PAUL
97433;2020-07-31;1750;97421;SALAZIE
97460;2019-02-28;21860;97415;ST PAUL
97433;2020-08-31;1760;97421;SALAZIE
97460;2019-04-30;21700;97415;ST PAUL
97433;2020-10-31;1690;97421;SALAZIE
97460;2019-07-31;21730;97415;ST PAUL
97433;2020-11-30;1690;97421;SALAZIE
97460;2019-10-31;21810;97415;ST PAUL
97433;2021-01-31;1710;97421;SALAZIE
97460;2020-02-29;21130;97415;ST PAUL
97433;2021-04-30;1720;97421;SALAZIE
97460;2020-07-31;21260;97415;ST PAUL
97433;2021-11-30;1670;97421;SALAZIE
97460;2020-09-30;21650;97415;ST PAUL
97433;2022-01-31;1670;97421;SALAZIE
97460;2020-10-31;21560;97415;ST PAUL
97433;2022-02-28;1650;97421;SALAZIE
97460;2020-11-30;21400;97415;ST PAUL
97433;2022-05-31;1600;97421;SALAZIE
97460;2020-12-31;21300;97415;ST PAUL
97433;2022-07-31;1600;97421;SALAZIE
97460;2021-06-30;21450;97415;ST PAUL
97433;2022-10-31;1590;97421;SALAZIE
97460;2021-09-30;21760;97415;ST PAUL
97460;2021-10-31;21500;97415;ST PAUL
97460;2022-04-30;20920;97415;ST PAUL
97460;2022-05-31;20810;97415;ST PAUL
97460;2022-08-31;21000;97415;ST PAUL
97460;2022-10-31;20700;97415;ST PAUL
97442;2016-10-31;1470;97417;ST PHILIPPE
97442;2016-11-30;1450;97417;ST PHILIPPE
97442;2017-05-31;1460;97417;ST PHILIPPE
97442;2017-07-31;1440;97417;ST PHILIPPE
97442;2017-08-31;1480;97417;ST PHILIPPE
97442;2017-10-31;1470;97417;ST PHILIPPE
97442;2017-11-30;1450;97417;ST PHILIPPE
97442;2018-04-30;1470;97417;ST PHILIPPE
97442;2018-06-30;1470;97417;ST PHILIPPE
97442;2018-08-31;1450;97417;ST PHILIPPE
97442;2018-10-31;1450;97417;ST PHILIPPE
97442;2018-11-30;1440;97417;ST PHILIPPE
97442;2019-06-30;1430;97417;ST PHILIPPE
97442;2019-07-31;1420;97417;ST PHILIPPE
97442;2019-09-30;1410;97417;ST PHILIPPE
97442;2019-11-30;1370;97417;ST PHILIPPE
97442;2019-12-31;1360;97417;ST PHILIPPE
97442;2020-01-31;1360;97417;ST PHILIPPE
97442;2020-06-30;1340;97417;ST PHILIPPE
97442;2020-08-31;1370;97417;ST PHILIPPE
97442;2021-03-31;1360;97417;ST PHILIPPE
97442;2021-04-30;1350;97417;ST PHILIPPE
97442;2021-10-31;1300;97417;ST PHILIPPE
97442;2022-02-28;1310;97417;ST PHILIPPE
97442;2022-06-30;1290;97417;ST PHILIPPE
97442;2022-08-31;1290;97417;ST PHILIPPE
97442;2022-10-31;1290;97417;ST PHILIPPE
97442;2022-11-30;1280;97417;ST PHILIPPE
97410;2016-07-31;19610;97416;ST PIERRE
97410;2017-01-31;19960;97416;ST PIERRE
97410;2017-05-31;19720;97416;ST PIERRE
97410;2017-06-30;19710;97416;ST PIERRE
97410;2017-08-31;19810;97416;ST PIERRE
97410;2017-10-31;19850;97416;ST PIERRE
97410;2018-01-31;20120;97416;ST PIERRE
97410;2018-02-28;20060;97416;ST PIERRE
97410;2018-04-30;20000;97416;ST PIERRE
97410;2019-01-31;20430;97416;ST PIERRE
97410;2019-03-31;20130;97416;ST PIERRE
97410;2019-06-30;19820;97416;ST PIERRE
97410;2019-07-31;19940;97416;ST PIERRE
97410;2020-02-29;19490;97416;ST PIERRE
97410;2020-07-31;19090;97416;ST PIERRE
97410;2020-10-31;19320;97416;ST PIERRE
97410;2021-05-31;19280;97416;ST PIERRE
97410;2021-06-30;19290;97416;ST PIERRE
97410;2021-08-31;19470;97416;ST PIERRE
97410;2021-10-31;19450;97416;ST PIERRE
97410;2021-12-31;19180;97416;ST PIERRE
97410;2022-01-31;19290;97416;ST PIERRE
97410;2022-02-28;19120;97416;ST PIERRE
97410;2022-03-31;19290;97416;ST PIERRE
97410;2022-05-31;18840;97416;ST PIERRE
97410;2022-06-30;18680;97416;ST PIERRE
97410;2022-08-31;18960;97416;ST PIERRE
97410;2022-10-31;19070;97416;ST PIERRE
97410;2022-11-30;19030;97416;ST PIERRE
97410;2022-12-31;18850;97416;ST PIERRE
97433;2016-08-31;1810;97421;SALAZIE
97433;2016-12-31;1770;97421;SALAZIE
97433;2017-01-31;1770;97421;SALAZIE
97433;2017-04-30;1780;97421;SALAZIE
97433;2017-06-30;1750;97421;SALAZIE
97433;2017-10-31;1800;97421;SALAZIE
97433;2017-12-31;1810;97421;SALAZIE
97433;2018-03-31;1780;97421;SALAZIE
97433;2018-12-31;1720;97421;SALAZIE
97433;2019-03-31;1720;97421;SALAZIE
97433;2019-04-30;1720;97421;SALAZIE
97433;2019-06-30;1740;97421;SALAZIE
97433;2020-05-31;1720;97421;SALAZIE
97433;2020-06-30;1750;97421;SALAZIE
97433;2020-12-31;1700;97421;SALAZIE
97433;2021-05-31;1710;97421;SALAZIE
97433;2021-06-30;1690;97421;SALAZIE
97433;2021-07-31;1670;97421;SALAZIE
97433;2021-10-31;1690;97421;SALAZIE
97433;2021-12-31;1660;97421;SALAZIE
97433;2022-08-31;1620;97421;SALAZIE
97433;2022-11-30;1550;97421;SALAZIE
97433;2022-12-31;1520;97421;SALAZIE
